# Host: localhost  (Version 5.5.5-10.2.10-MariaDB)
# Date: 2019-01-22 21:37:10
# Generator: MySQL-Front 6.1  (Build 1.26)


#
# Structure for table "blog"
#

DROP TABLE IF EXISTS `blog`;
CREATE TABLE `blog` (
  `id` int(11) NOT NULL AUTO_INCREMENT,
  `name` varchar(20) COLLATE utf8mb4_unicode_ci DEFAULT NULL,
  `email` varchar(50) COLLATE utf8mb4_unicode_ci DEFAULT NULL,
  `konu` varchar(50) COLLATE utf8mb4_unicode_ci DEFAULT NULL,
  `icerik` longtext COLLATE utf8mb4_unicode_ci DEFAULT NULL,
  `yorum` longtext COLLATE utf8mb4_unicode_ci DEFAULT NULL,
  `approved` varchar(255) COLLATE utf8mb4_unicode_ci DEFAULT NULL,
  `bno` varchar(50) COLLATE utf8mb4_unicode_ci DEFAULT NULL,
  `created_at` datetime DEFAULT NULL,
  `updated_at` datetime DEFAULT NULL,
  `msjapproved` varchar(255) COLLATE utf8mb4_unicode_ci DEFAULT NULL,
  PRIMARY KEY (`id`)
) ENGINE=InnoDB AUTO_INCREMENT=113 DEFAULT CHARSET=utf8mb4 COLLATE=utf8mb4_unicode_ci;

#
# Data for table "blog"
#

INSERT INTO `blog` VALUES (57,'Ahmet','ahmet@gmail.com','600 trilyon Güneş\'in parlaklığına sahip kuasar','<p>&nbsp;</p><p>&nbsp;</p><p>Dünyalılara göre gökyüzündeki yegâne parlak cisim tartışmasız<strong> Güneş’imizdir.</strong> Ancak galaktik anlamda <strong>önemsiz </strong>bir yıldız olan gezegenimizin ısı kaynağı; yakınlarındaki galaksilerle madde alışverişi yapan ve <strong>aşırı parlaklık</strong> ile kütleye sahip gök cisimleri olan <strong>kuasarlar </strong>ile karşılaştırıldığında, yaklaşık 10 watt\'lık bir ampul parlaklığında ışık saçabiliyor. Konu parlaklıktan açılmışken gök bilimciler ise bugüne kadar tespit edilen en parlak kuasarı gözlemlemeyi başarabilmişler. Bu gök cismi tam <strong>600 trilyon Güneş’in parlaklığıyla</strong> ışıldıyor.</p><p>&nbsp;</p><p><br><strong>J043947.08+163415.7</strong> olarak tanımlanan kuasar,&nbsp;bugüne kadar tespit edilen en parlak gök cisimleri listesinde birincilik ipini küçük bir farkla göğüslüyor. Tabi ki galaktik anlamda.&nbsp;Şampiyon gök cismi tespit edilene kadar en parlak kuasar 420 trilyon Güneş parlaklığında, en çok ışık yayan galaksi ise 350 trilyon Güneş parlaklığında ışıldıyordu.</p><figure class=\"image\"><img src=\"https://donanimhaber.com/images/images/haber/106996/600-trilyon-Gunes-in-parlakligina-sahip-kuasar106996_1.jpg\" alt=\"600 trilyon Güneş\'in parlaklığına sahip kuasar\"></figure><p>&nbsp;</p><p>Gökyüzünü sürekli tarayan teleskoplar ve gök bilimciler, “Bu kadar parlak bir gökcismini nasıl fark edememişler?” sorusunun cevabı ise basit. Söz konusu kuasar, bize <strong>12.8 milyar ışık yılı</strong>uzaklıkta. Gök cisminin tespit edilmesi ise yerçekimsel yakınlaştırma (gravitational lensing) şeklinde tanımlanan bir fizik olayı sayesinde mümkün olmuş.</p><figure class=\"image\"><img src=\"https://donanimhaber.com/images/images/haber/106996/600-trilyon-Gunes-in-parlakligina-sahip-kuasar106996_2.jpg\" alt=\"600 trilyon Güneş\'in parlaklığına sahip kuasar\"></figure><p><br>&nbsp;</p>',NULL,'Basarisiz','UZAY',NULL,NULL,NULL),(58,'Ahmet','ahmet@gmail.com','Ay\'da filizlenen pamuk tohumları öldü','<figure class=\"image\"><img src=\"https://donanimhaber.com/images/images/haber/106980/Chang-e-4-uzay-araci-Ay-da-pamuk-tohumu-filizlendirmeyi-basardi106980_0.jpg\" alt=\"Ay\'da filizlenen pamuk tohumları öldü [Güncellendi]\"></figure><p><br>&nbsp;</p><p>Çin Halk Cumhuriyeti\'ne ait <strong>Chang’e-4 uzay aracı </strong>Ay\'ın karanlık yüzüne 3 Ocak\'taki inişini müteakip fotoğraflar çekmeye, iniş alanını keşfetmeye ve deneylerini yapmaya başlamıştı. Çin devlet medyasınca yapılan açıklama ve paylaşılan fotoğraflara göre deney amacıyla mini bir biyosfer içinde korunan <strong>pamuk tohumları</strong>, <strong>filiz vermiş</strong> durumda.</p><p>&nbsp;</p><figure class=\"image\"><img src=\"https://pbs.twimg.com/media/Dw6ohInUUAI7ObC?format=jpg&amp;name=small\" alt=\"View image on Twitter\"></figure><blockquote><p>&nbsp;</p><p><strong>3 kg\'lık mini biyosfer</strong> içine pamuk tohumlarından hariç; üzüm çekirdeği, patates, arabidopsis (turpgiller familyasından bir bitki türü), sirke sineği yumurtası ve maya gibi türler dahil edilmiş. Paylaşan bilgiler ise <strong>pamuk harici</strong> hiçbir türde bir gelişme gözlemlenmediği yönünde. Bilim ekibinin ilk etapta <strong>sirke sineği yumurtaları</strong> yerine ipek böceği kozaları götürmek istediği, ancak bu karardan son anda vazgeçildiği de paylaşılan bilgiler arasında.</p></blockquote>',NULL,'Basarili','UZAY',NULL,NULL,NULL),(59,'Selin','selin@gmail.com','EA, hikâye tabanlı Star Wars oyunu...','<figure class=\"image\"><img src=\"https://donanimhaber.com/images/images/haber/107014/EA-hik-ye-tabanli-Star-Wars-oyunu-projesini-iptal-etti107014_0.jpg\" alt=\"EA, hikâye tabanlı Star Wars oyunu projesini iptal etti\"></figure><p>&nbsp;</p><p><strong>Electronic Arts</strong>’ın büyük umutlarla başlayan ve <strong>Uncharted </strong>yönetmeni <strong>Amy Hennig</strong>’e emanet edilen hikâye tabanlı Star Wars oyunu projesi iptal edildi. Stüdyosu kapanan ve el değiştiren oyun tüm çabalara rağmen kurtarılamadı.</p><h2>EA kaynak ayırmak istemiyor</h2><p>Tek kişilik senaryoya odaklanan ve hikâye tabanlı olarak ilerleyen açık dünya Star Wars oyunu ilk olarak Visceral Games bünyesinde başlatılmış ve <strong>Uncharted</strong> yönetmeni <strong>Amy Hennig</strong>’e emanet edilmişti. Sonrasında ise <strong>Visceral Games </strong>kapandı</p><p><a href=\"https://donanimhaber.com/Cryptopia-hacklendi-zarar-buyuk--106984\">Ayrıca Bkz.<strong>\"Cryptopia hacklendi, zarar büyük\"</strong></a></p><p>Buna rağmen Ekim 2017 tarihinde<strong> EA Vancouver</strong> stüdyosu oyunu en baştan başlatarak yeniden hayat vermişti. Ne yazık ki Hennig de geçtiğimiz Haziran ayında kendi stüdyosunu kurmak için görevinden ayrılınca kaçınılmaz son da geldi.</p><p>Sektörden gelen bilgilere göre EA aldığı karar ile<strong> Star Wars</strong> oyununu rafa kaldırdı. Firmanın bundan sonra oyuna daha fazla kaynak ayırmak istemediği ifade ediliyor. Son dönemde<strong>Battlefront</strong> gibi ana akım oyunların artması hikâye anlatımı tabanlı Star Wars konseptini biraz geri plana atmıştı. Bu bakımdan <strong>Star Wars </strong>hayranları için önemli bir oyundu. Oyunun iptali hayal kırıklığı yaratacaktır.</p>',NULL,'Basarili','PLAYSTATION',NULL,NULL,NULL),(60,'Mehmet','mehmet@gmail.com','Skoda\'nın yeni crossover modeli için teaser...','<figure class=\"image\"><img src=\"https://donanimhaber.com/images/images/haber/106995/Skoda-nin-yeni-crossover-modeli-icin-teaser-videosu-paylasildi106995_0.jpg\" alt=\"Skoda\'nın yeni crossover modeli için teaser videosu paylaşıldı\"></figure><p>&nbsp;</p><p>Skoda’nın SUV ailesi <strong>Kodiaq </strong>ve <strong>Karoq </strong>modellerinin ardından üçüncü üyesine merhaba demeye hazırlanıyor. Çekyalı üretici ürün gamına dahil etmek üzere <strong>2019 Cenevre Otomobil Fuarı</strong>’nda görücüye çıkaracağı <strong>yeni crossover modeli</strong> için kısa bir teaser videosu paylaştı.</p><h2>Ön aydınlatma grubuna dikkat çekiyor&nbsp;</h2><p>Yeni Skoda crossover’ın mart ayındaki Cenevre Otomobil Fuarı’nda dünya prömiyerini gerçekleştireceğini bir kez daha resmi olarak onaylayan teaser’da aracın ön taraftan görünen silüetiyle birlikte aydınlatma grubuna dikkat çekildi. Skoda crossover’ın yeni LED farlara ve <strong>dinamik sinyal lambası</strong> entegre edilmiş<strong> LED gündüz farlarına</strong> sahip olduğu görülüyor.</p><p><a href=\"https://donanimhaber.com/Kia-8-kisilik-buyuk-SUV-modeli-2020-Kia-Telluride-i-tanitti--106992\">Ayrıca Bkz.<strong>\"Kia, 8 kişilik büyük SUV modeli 2020 Kia Telluride\'i tanıttı\"</strong></a></p><p>Çekyalı üreticinin paylaştığı teaser bizlere çok bir şey anlatmasa da yeni Skoda crossover’ın daha önce sergilenen <strong>Vision X konseptini </strong>baz alacağını ve Volkswagen’in<strong> MQB A0 platformunu </strong>kullanacağını biliyoruz. Dolayısıyla söz konusu araç <strong>Seat Arona </strong>ve <strong>Volkswagen T-Cross</strong>’un Çekyalı kuzeni olacak. Skoda’nın “<i>SUV tarzını kompakt araçların kıvraklığı ile birleştiren bir araç</i>” olarak tanımladığı crossover’ın bir sürü güvenlik sistemine sahip olacağı ve geniş bir iç hacim sunacağı söyleniyor.</p><figure class=\"image\"><img src=\"https://donanimhaber.com/images/images/haber/106995/Skoda-nin-yeni-crossover-modeli-icin-teaser-videosu-paylasildi106995_1.jpg\" alt=\"Skoda\'nın yeni crossover modeli için teaser videosu paylaşıldı\"></figure><p><i>Vision X konsepti</i></p>',NULL,'Basarili','OTOMOBİL',NULL,NULL,NULL),(61,'Selin','selin@gmail.com','Ubisoft, The Division 2\'nin Beta Tarihini Açıkladı','<figure class=\"image\"><img src=\"https://cdn.webtekno.com/media/cache/content_detail_v2/article/61241/ubisoft-the-division-2-nin-kapali-beta-tarihini-acikladi-1547664282.jpg\" alt=\"Ubisoft, The Division 2\'nin Kapalı Beta Tarihini Açıkladı\"></figure><p>Ubisoft\'un merakla beklenen oyunu Tom Clancy\'s The Division 2\'nin kapalı beta tarihi açıklandı. Ayrıca Ubisoft, oyunun trailer\'ını da yayınladı.</p><p><i>Tom Clancy’s The Division 2</i>’nin kapalı betası 7-10 Şubat tarihleri arasında açılacak. Erken sipariş veren veya Division 2’nin sitesi üzerinden kayıt yaptıranların kapalı betaya erişme şansı olacak. Oyunla ilgili detaylar henüz kesinleşmese de, betanın oyunculara “<i>Hastalık sonrası (post-pandemic) Washinton’daki tehlikelerin”</i> deneyimini sunacağı biliniyor.</p><p>&nbsp;</p><p>&nbsp;</p><p>Oyunun hikayesiyle ilgili bir trailer da bugün Ubisoft tarafından yayınlandı. Fragman “<i>New York’taki ilk saldırıdan kurtulduktan sonra, başkentimizin bize ihtiyacı vardı. Fakat ülke iç savaşa sürüklenirken kime güvenebilirdik?”</i>&nbsp;sözleriyle başlıyor.&nbsp;</p><p>Düşmanlar ise “<i>Demokrasinin dokusunu tahrip etmekle tehdit eden acımasız gruplar; başıboş dolaşan yırtıcılar, dini saldırılar yapanlar ve ahlaksız faşistler.&nbsp;Zayıfları avlar ve masumları öldürürler</i>.” diye tanımlanıyor. Bu ihtilafı yıkmak ve ülkeyi tekrar kurmak <i>Division</i> ekibine kalıyor.</p><p>&nbsp;</p><p>&nbsp;</p><p>Ubisoft, daha önce Division 2 için teknik alfa sürümünü sınırlı sayıdaki kullanıcı için yayınlamıştı. Ancak, oyunun sızdırılması ile ilgili çok katı kurallar konulmuş, hatta internete sızdırılan birkaç görüntü de anında kaldırtılmıştı.</p>',NULL,'Basarili','PLAYSTATION',NULL,NULL,NULL),(62,'Selin','selin@gmail.com','Fortnite’ta Hackerların Hedefi Olan Bir Güvenlik..','<p>&nbsp;Fortnite, sitesindeki bir güvenlik açığını iki ayın ardından nihayet çözdü.</p><p>Check Point’teki güvenlik araştırmacıları, Epic Games’in internet sitesinde şifre gerektirmeden hesaplara giriş yapılabilecek bir yöntem keşfetti. Hackerlar bir kere hesaplara erişim sağladıklarında kredi kartı bilgileri gibi önemli verilere sahip olabiliyorlardı. Bunun sonucunda da hesabına izinsiz girilmiş oyuncuların kartları, onların haberi olmadan kullanılabiliyordu.</p><p>Araştırmacılar bu açığı kasım ayında buldular ancak hata aradan geçen iki aydan sonra ocak ayında düzeltilebildi.</p><figure class=\"image\"><img src=\"https://www.webtekno.com/images/editor/default/0001/87/70de5c950af45103e12430774146b58085694fe6.jpeg\" alt=\"\"></figure><p>Epic Games’in sözcüsü<i> “Hatayla ilgili haber bize geldiği an konuyla ilgilendik. Check Point’e bu sorunu bildirdiği için teşekkürü bir borç biliriz. Her zaman olduğu gibi oyuncuları, güçlü şifreler seçerek ya da hesap bilgilerini paylaşmayarak hesaplarını korumaya davet ediyoruz” </i>şeklinde bir açıklamada bulundu.</p><p>Fortnite, son zamanlarda genç hackerların hesap çalması sorunuyla başa çıkmaya çalışmıştı. Çalınan hesapları satarak para kazanan gençler, 20.000 dolar gibi bir kazanç sağladı ve&nbsp;hesapları çalınan kullanıcılar ise satın aldıkları V-buckları ve eşyaları kaybettikleri için mağdur oldu.</p>',NULL,'Basarili','PLAYSTATION',NULL,NULL,NULL),(63,'Selin','selin@gmail.com','Battle Royale Modu 7 Gün Boyunca Ücretsiz','<figure class=\"image\"><img src=\"https://cdn.webtekno.com/media/cache/content_detail_v2/article/61206/call-of-duty-black-ops-4-un-battle-royale-modu-7-gun-boyunca-ucretsiz-1547634628.jpg\" alt=\"Call of Duty: Black Ops 4\'ün Battle Royale Modu 7 Gün Boyunca Ücretsiz\"></figure><p>&nbsp;</p><p>Activision, bugün resmi Twitter hesabı aracılığı ile 7 günlük ücretsiz deneme sürümünü tüm oyunculara duyurdu.</p><p>Geçtiğimiz günlerde Call of Duty: Black Ops 4\'ün battle royale modu olan Blackout\'un, bir süre sonra oynaması ücretsiz modele geçerek tüm oyunculara sunulabileceği haberini sizlerle paylaşmıştık. Bugün gelen 7 günlük ücretsiz deneme süreci buna işaret ediyor olabilir.</p><p>&nbsp;</p><figure class=\"image\"><img src=\"https://pbs.twimg.com/media/Dw981chVYAAg8ij?format=jpg&amp;name=small\" alt=\"Embedded video\"></figure><blockquote><figure class=\"image\"><img src=\"https://pbs.twimg.com/profile_images/1039912038921846785/s-fnA-My_normal.jpg\" alt=\"\"></figure><p><a href=\"https://twitter.com/CallofDuty\">Call of Duty</a></p><p>Bring your friends — the Blackout Free Trial is coming.<br><br>Play <a href=\"https://twitter.com/hashtag/BlackOps4?src=hash\">#BlackOps4</a>’s Blackout Battle Royale for free from January 17th to the 24th on PlayStation 4, Xbox One and PC.</p><p>&nbsp;</p><p>&nbsp;</p><p><i><strong>\"Arkadaşlarınızı toplayın. Blackout\'un ücretsiz deneme süreci geliyor. Blackout Battle Royale\'i, PS4, Xbox One ve PC\'de 17 Ocak\'tan 24 Ocak\'a kadar ücretsiz deneyin.\"</strong></i></p><p>Activision ve Treyarch cephesinden farklı bir detay gelmedi. Bu anlamda ücretsiz deneme süreci boyunca yaptığınız ilerlemeler oyuna yansıyacak mı veya oyunu satın almaya karar verirseniz ayrıca bir indirme yapmanıza gerek olacak mı gibi bilgiler şu an için muallakta.</p><p>Yarın itibarı ile oyun ücretsiz olduğunda ilgili indirme linklerini ve detayları sizlerle paylaşıyor olacağız.</p><p>&nbsp;</p><p><br>&nbsp;</p></blockquote>',NULL,'Basarili','PLAYSTATION',NULL,NULL,NULL),(64,'Selin','selin@gmail.com','Rocket League, PlayStation 4 üzerinde de çapraz','<figure class=\"image\"><img src=\"https://donanimhaber.com/images/images/haber/106956/Rocket-League-PlayStation-4-capraz-platform106956_0.jpg\" alt=\"Rocket League, PlayStation 4 üzerinde de çapraz platform desteği kazandı\"></figure><p>&nbsp;</p><p><strong>Rocket League</strong> oyunu <strong>Xbox</strong>, <strong>Nintento Switch</strong> ve bilgisayar oyuncuları arasında çapraz platform desteğine uzun zamandır sahip. Bu sayede oyuncular platform fark etmeksizin birlikte oyuna girebiliyorlar. Sadece PlayStation 4 çapraz platform desteği vermiyordu. Bugün itibariyle <strong>Sony</strong>, Rocket League’in <strong>Cross-Play</strong> Beta programına dahil edildiğini duyurdu.</p><h2>Her cihazda çapraz platform desteği</h2><p>Rocket League, PlayStation 4’ün de çapraz platform desteği kazanmasıyla tüm platformlarda birlikte oynanabilir hale geldi. Oyunun ana menüsüne girip seçenekler içerisindeki oynayış sekmesinden çapraz platform seçeneğini işaretlemeniz durumunda, başka platformlardan oyuncularla birlikte oynayabileceksiniz. Bu ayar varsayılan olarak seçili gelecek ama her ihtimale karşı kontrol etmenizde fayda var.</p><p><a href=\"https://donanimhaber.com/AMD-Radeon-Vii-sadece-5000-adet-uretildi-ozellestirilmis-versiyon-olmayacak--106948\">Ayrıca Bkz.<strong>\"AMD Radeon VII sadece 5000 adet üretildi, özelleştirilmiş versiyon olmayacak\"</strong></a></p><p>PlayStation 4\'de başka platformlardan oyuncular ile aynı oyuna girebilmenize rağmen arkadaşlarınızla grup oluşturmanız mümkün değil. Rocket League’nin geliştiricisi <strong>Psyonix</strong> bu desteği oyuna gelecek ilk güncellemeyle birlikte vereceklerini açıklamış. Şu an için arkadaşlarınızla sadece özel oyunlar oluşturarak birlikte oynayabiliyorsunuz. Sony, kullanıcılarının diğer konsol oyuncuları ile birlikte oynamasına sıcak bakmıyordu. Görünen o ki bu durum tersine dönmüş.</p>',NULL,'Basarili','PLAYSTATION',NULL,NULL,NULL),(65,'Kerem','kerem@gmail.com','DC filmlerine bir yenisi daha ekleniyor','<figure class=\"image\"><img src=\"https://donanimhaber.com/images/images/haber/105595/DC-filmlerine-bir-yenisi-daha-ekleniyor-Blue-Beetle105595_0.jpg\" alt=\"DC filmlerine bir yenisi daha ekleniyor: Blue Beetle\"></figure><p>&nbsp;</p><p>Batman v Superman ile temellerini attığı DC sinematik evrenini genişletmeye devam eden Warner Bros, sayıları hızla artan DC uyarlamalarına bir yenisini daha ekliyor. Halihazırda birçok DC kahramanının filmleri için hazırlıklarını sürdüren Warner Bros, şimdi de Blue Beetle filmi için hazırlıklara başladı.</p><p>The Wrap\'in haberine göre Blue Beetle filmi için hazırlıklara başlayan Warner Bros, filmin senaryosunu kaleme alması için Meksikalı senarist&nbsp;Gareth Dunnet-Alcocer (Miss Bala) ile anlaştı. Blue Beetle filmi, gerçeğe dönüştüğü taktirde Latin Amerikalı bir süper kahramanın ana karakter olduğu ilk film olacak. Wonder Woman ile Marvel\'in 10 yıldır yapamadığını yapıp bir kadın kahramanın bireysel filmini çeken Warner Bros, Blue Bettle ile de Latin Amerikalılar için aynı şeyi yapmayı planlıyor.</p><p><a href=\"https://donanimhaber.com/Aquaman-filmi-hakkinda-ilk-yorumlar-paylasildi--105477\">Ayrıca Bkz.<strong>\"Aquaman filmi hakkında ilk yorumlar paylaşıldı\"</strong></a></p><p>Fox Comics tarafından 1939 yılında yaratılan ve daha sonra hakları DC Comics tarafından satın alınan Blue Beetle, DC\'nin en sevilen kahramanları arasında yer alıyor. Hazırlık aşamasındaki film, yıllar içinde Blue Beetle olarak çizgi romanlarda boy gösteren üç karakterden biri olan Jaime Reyes\'in hikayesini anlatacak.&nbsp;</p><p>&nbsp;</p><figure class=\"image\"><img src=\"https://donanimhaber.com/images/images/haber/105595/DC-filmlerine-bir-yenisi-daha-ekleniyor-Blue-Beetle105595_1.jpg\" alt=\"DC filmlerine bir yenisi daha ekleniyor: Blue Beetle\"></figure><p><br>&nbsp;</p>',NULL,'Basarili','DC',NULL,NULL,NULL),(66,'Kerem','kerem@gmail.com','Aquaman, gişede 1 milyar doları geride bıraktı','<figure class=\"image\"><img src=\"https://donanimhaber.com/images/images/haber/106907/Aquaman-gisede-1-milyar-dolari-geride-birakti106907_0.jpg\" alt=\"Aquaman, gişede 1 milyar doları geride bıraktı\"></figure><p>DC sinematik evreninin geçtiğimiz ay vizyona giren yeni filmi Aquaman, bugün itibarıyla gişede 1 milyar dolar barajını resmen geride bıraktı. Özellikle de ABD dışındaki ülkelerde beklentilerin üzerinde bir başarıya imza atan film, yapımcı firma Warner Bros.\'un yüzünü güldürmeye devam ediyor.<br><br>Box Office Mojo tarafından yayınlanan verilere göre Aquaman\'ın ABD\'deki toplam gişe hasılatı şu anda 287 milyon dolar seviyesinde. Bu alanda diğer DC uyarlamaları Suicide Squad (325m), Batman v Superman (330m) ve Wonder Woman\'ın (412m) gerisinde kaldığını görüyoruz.&nbsp;<br><br>Dünya geneline baktığımızda ise durumlar tam tersine dönüyor. Aquaman, ABD dışındaki ülkelerde şu an itibarıyla toplam 732 milyon dolarlık inanılmaz bir gişe hasılatı elde etmiş. Bu alanda Christopher Nolan\'ın The Dark Knight serisi de dahil olmak üzere Aquaman\'ın DC uyarlamaları arasında açık bir farkla lider olduğunu görüyoruz.<br><br>Aquaman ayrıca 1 milyar dolarlık barajı geride bırakan ikinci DC uyarlaması oldu. Daha önce hatırlayacağınız üzere The Dark Knight Rises (1.08 milyar dolar) aynı başarıya imza atmıştı. DC\'nin The Dark Knight serisi sonrasında oluşturulan yeni sinematik evreninde ise 1 milyar dolar seviyesine ulaşabilen bir film olmamıştı.<br><br>Oyuncu kadrosunda Jason Momoa, Amber Heard, Nicole Kidman ve Patrick Nilson gibi isimlerin yer aldığı Aquaman, 28 Aralık\'ta ülkemizde de vizyona girmişti.&nbsp;</p>',NULL,'Basarili','DC',NULL,NULL,NULL),(67,'Kerem','kerem@gmail.com','Wonder Woman ile ilgili ilk eleştiriler','<figure class=\"image\"><img src=\"https://donanimhaber.com/images/images/haber/91209/Wonder-Woman-ile-ilgili-ilk-elestiriler-paylasildi91209_0.jpg\" alt=\"Wonder Woman ile ilgili ilk eleştiriler paylaşıldı\"></figure><p>Çizgi roman dünyasının en sevilen kadın kahramanları arasında yer alan <strong>Wonder Woman</strong>, önümüzdeki ay bireysel filmi ile sinemaseverlerin karşısına çıkacak. Batman v Superman ile temelleri atılan DC sinematik evreninin dördüncü filmi olacak Wonder Woman için meraklı bekleyiş sürerken, film hakkında ilk eleştiriler paylaşıldı.</p><p>&nbsp;</p><p>Warner Bros\'un geçtiğimiz günlerde düzenlediği öngösterime katılma şansı yakalayan film eleştirmenleri, stüdyonun bilgi paylaşma ambargosunu kaldırmasının ardından film hakkında ilk görüşlerini sosyal medya üzerinden paylaştılar. Gelen ilk tepkilere bakılırsa Wonder Woman, DC sinematik evreninde film eleştirmenlerinin beğenisini kazanan ilk film olacak.</p><p><a href=\"https://donanimhaber.com/Venom-filminde-basrolu-Tom-Hardy-ustelenecek--91206\">Ayrıca Bkz.<strong>\"Venom filminde başrolü Tom Hardy üstelenecek\"</strong></a></p><p>Wonder Woman hakkında paylaşılan <strong>ilk yorumların neredeyse tamamı olumlu oldu</strong>. Wonder Woman\'ı canlandıran Gal Gadot ve Chris Pine\'ın performansını öven eleştirmenler, yönetmen Patty Jenkins\'in de son derece iyi bir iş çıkardığı görüşünde.</p><figure class=\"image\"><img src=\"https://donanimhaber.com/images/images/haber/91209/Wonder-Woman-ile-ilgili-ilk-elestiriler-paylasildi91209_1.jpg\" alt=\"Wonder Woman ile ilgili ilk eleştiriler paylaşıldı\"></figure><p>&nbsp;</p><p>&nbsp;</p>',NULL,'Basarili','DC',NULL,NULL,NULL),(68,'Kerem','kerem@gmail.com','Ben Affleck yeni Batman filmini yönetmeyecek','<figure class=\"image\"><img src=\"https://donanimhaber.com/images/images/haber/88961/Ben-Affleck-yeni-Batman-filmini-yonetmeyecek88961_0.jpg\" alt=\"Ben Affleck yeni Batman filmini yönetmeyecek\"></figure><p>DC sinematik evreninin kamera arkasında sorunlar bir türlü bitmiyor. 2018 yılında vizyona girmesi planlanan The Flash\'in ikinci kez yönetmensiz kalmasının ardından şimdi de The Batman aynı sorunla karşı karşıya. Yeni Batman filminde sevilen kahramanı canlandırmanın yanı sıra filmin yönetmenliğini de yapacağı açıklanan <strong>Ben Affleck, filmi yönetmeme kararı aldı.</strong></p><p>&nbsp;</p><p>Ben Affleck\'in The Batman\'i yönetme konusunda kararsız olduğu bir süredir konuşuluyordu. Ünlü oyuncu geçtiğimiz günlerde verdiği bir röportajda bu söylentileri doğrulamış ve filmi yönetip yönetmeyeceğinin senaryoya bağlı olduğunu açıklamıştı. Affleck, bugün yayınladığı açıklamada ise Batman gibi sevilen bir karakteri hakkıyla canlandırmak için her şeyiyle karaktere odaklanması gerektiğini ve bu yüzden filmin yönetmenliğinden ayrılmaya karar verdiğini ifade etti.</p>',NULL,'Basarili','DC',NULL,NULL,NULL),(69,'Sevim','sevim@gmail.com','INTO THE SPIDER-VERSE Devam Filminin Konusu','<p>&nbsp;</p><p><i>Spider-Man: Into the Spider-Verse,</i> izleyen herkesin büyük beğenisini kazandı şimdiden. Dünyanın her yerinden hayranlar, bu filmi internette farklı mecralarda farklı şekillerde övdüler üstelik. Biz de filme gitmiş ve fazlasıyla beğenmiştik; <a href=\"https://geekyapar.com/metro/spider-man-into-the-spider-verse-incelemesi-ag-kafanin-hak-ettigi-en-iyi-film-spoilersiz/\">şuradan</a> spoilersız incelememize, <a href=\"https://www.youtube.com/watch?v=JStIhWTTdDQ&amp;t=1871s\">şuradan</a> da spoilerlı video incelememize ulaşabilirsiniz efendim.</p><p>Evet, film gerçekten çok ama çok iyi; herkes bunun farkında. Ancak bıçak sırtında olan bir konumuz var, o da insanda endişe yaratıyor ister istemez: <strong>Bu kadar iyi bir filmin devamı nasıl olacak?</strong></p><p>İkinci bir filmin gelmesi, hatta Sony’nin daha önceden duyurduğu birçok spin-off projesinin de bu filme bağlı şekilde devam etmesi şu anda kaçınılmaz, farkındayız. <i>Into the Spider-Verse 2&nbsp;</i>gelecek, burası kesin. Bu bir çıkarım değil, Amy Pascal’ın bizzat Vanity Fair ile yaptığı bir röportaj üzerine açıklığa kavuşan bir gerçeklik. Yapımcı Pascal, devam filmi için çalışmalara başlayacaklarını ve hatta genel olarak sinopsisinin bile kabaca belli olduğunu söylemiş. Sıkı durun, birazcık suratlar ekşiyebilir çünkü: <i>Into the Spider-Verse 2</i> için <strong>Miles ve Gwen aşkını temel alan</strong> bir senaryo düşünülüyormuş.</p><p>&nbsp;</p><figure class=\"image\"><img src=\"https://geekyapar.com/wp-content/uploads/2018/12/moraless-spider-man-woos-spider-gwen.jpeg\" alt=\"moraless-spider-man-woos-spider-gwen\" srcset=\"https://geekyapar.com/wp-content/uploads/2018/12/moraless-spider-man-woos-spider-gwen-300x151.jpeg 300w, https://geekyapar.com/wp-content/uploads/2018/12/moraless-spider-man-woos-spider-gwen.jpeg 625w\" sizes=\"100vw\" width=\"625\"></figure><p>&nbsp;</p><p>Spider-Man’in yaşadığı romantik ilişkileri, kahraman ve insan kimliğiyle birlikte yürütmeye çalışırken nasıl berbat ettiğini okumak/izlemek yıllardır bizim aşina olduğumuz bir şey aslında. Bu konuda hiçbir sıkıntımız yok, hatta üstüne komik bile geliyor çoğu zaman. Çünkü bir yandan suçluların ağzına burnuna ağ sıkarken öteki yandan da sevgilisine akşam saat yedide söz verdikleri yerde buluşacağını alelacele söylemesi, olayın esprisiydi zaten. Fakat bu, hep bir yan mesele olarak kalınca tadındaydı; ana hikaye buna bulaşınca işler birazcık “meh”leşiyordu sanki.</p><p>Senaryonun ana odağı aşk ilişkisi olunca gelen endişeyi şimdilik bir kenara bırakmak ve devam filmi için ön yargı ile olumsuz bir eleştiri getirmek istemiyorum şahsen. Çünkü durum ortada, <i>Into the Spider-Verse</i>çıkmadan önce de bu kadar iyi bir iş beklemiyordu kimsecikler. Ama filmi izleyince, neredeyse Marvel etiketi altında çıkarılan en iyi iş diyecek kadar ileriye giden hayranlar bile var şu an ortalıkta, gerisini siz düşünün. O sebeple de Gwen ve Miles aşkına odaklanacak senaryoya şimdilik nötr bakma yönelimindeyim. Eğer bu <i>Into the Spider-Verse</i> kadar Örümcek Adam felsefesini çok iyi anlamış bir devam filmi olacaksa, ikilinin aşkına odaklanacak bir hikaye de son derece iyi kotarılabilir. Şu an bize düşen tek iş, parmakları çaprazlayıp Sony’den gelecek gelişmeleri beklemek ne yazık ki.</p>',NULL,'Basarili','MARVEL',NULL,NULL,NULL),(70,'Sevim','sevim@gmail.com','MARVEL’dan Şimdi  LEAGUEOFLEGENDS Çizgi...','<p>&nbsp;</p><p>Çizgi romanların, dünyada popüler kültürü doğrudan etkilediği günlerde yaşıyoruz. Milyon dolarlık sinema evrenlerinden basit kırtasiye ürünlerine, oyunlardan yiyecek menülerine kadar her şeyde çizgi romanların bu etkisini görmek mümkün. Bu etkinin başlangıcı her ne kadar 1950’li yıllara dayansa da asıl büyük etkiyi yaratan 1990’ların sonu, 2000’lerin başında art arda çıkan süper kahraman filmleriydi. Öyle ki bu filmlerin arkasına hemen bir “film oyunu” çıkar, reklamlar onun aksiyon figürleriyle dolar, bütün çocuklar kahraman kıyafetleri arardı. En sonunda bir kartopu etkisine bağlayan bu etki bizi 2008 yılında “sinematik evren” kavramıyla tanıştırdı.</p><p>&nbsp;</p><figure class=\"image\"><img src=\"https://pbs.twimg.com/media/DsX9G4LXoAAkomc?format=jpg&amp;name=small\" alt=\"Ashe comic cover, featuring Ashe holding her bow\"></figure><p>Popülerliğin çizgi romanlara olan katkısının son meyvelerinden biri de Marvel’ın, League of Legends için hazırlayacağı <strong>Ashe: Savaşanası</strong> çizgi romanı olacak. Marvel, 2009 yılında Riot Games’in hayatımıza kattığı, oyuncu kitlesi yüzünden eleştirilen ama bir yandan da e-spor teriminin çıtasını yükseklere çıkartan oyunun popülerliğine gözünü dikmiş görünüyor. Türkiye’nin nüfusu kadar oyuncusu olan oyuna, çıkartacağı bir çizgi romanın oyuncu kitlesi tarafından kapış kapış gideceğinden kuşkumuz yok. Ama oyuna yapılan bu yatırımın tamamen para amaçlı mı olduğunu, yoksa paranın yanında kaliteli bir yapım da yapmayı mı amaçladıklarını önümüzdeki günlerde göreceğiz. Riot Games Avrupa twitter hesabından aldığımız bilgiye göre <strong>19 Aralık 2018</strong> tarihinde online olarak yayınlanacak çizgi romanın fiziksel kopyası<strong>Mayıs 2019</strong>’da raflarda yerini alacak. Konu hakkında Marvel editörü<strong> C.B. Cebulski</strong> şunları söyledi.</p><blockquote><p><i>&nbsp;&nbsp;&nbsp;&nbsp;&nbsp;&nbsp;&nbsp;&nbsp;&nbsp;&nbsp;&nbsp;&nbsp;&nbsp;&nbsp;&nbsp; “Marvel evrenini ve çizgi romanları seven birçok hayran, hikaye anlatımı için ilgi ve tutkularını oyuncu topluluğuyla paylaşıyor. League of Legends sektördeki en tanınmış oyunlardan biri ve şahsına münhasır dünyası ve zengin karakterleriyle çizgi romanlara mükemmel uyum sağlıyor. Riot ile ortak olmaktan ve dünyadaki bütün hayran ve oyuncular için League of Legends evreni kurmaktan oldukça heyecan duyuyoruz.”</i></p></blockquote><figure class=\"image\"><img src=\"https://geekyapar.com/wp-content/uploads/2018/12/aHR0cDovL3d3dy5uZXdzYXJhbWEuY29tL2ltYWdlcy9pLzAwMC8yNDIvNjc0L29yaWdpbmFsL0FzaGVfSW50ZXJpb3JfMS0yLmpwZw-e1543752726416.jpg\" alt=\"aHR0cDovL3d3dy5uZXdzYXJhbWEuY29tL2ltYWdlcy9pLzAwMC8yNDIvNjc0L29yaWdpbmFsL0FzaGVfSW50ZXJpb3JfMS0yLmpwZw==\"></figure>',NULL,'Basarili','MARVEL',NULL,NULL,NULL),(71,'Sevim','sevim@gmail.com','SPIDER-MAN: INTO THE SPIDER-VERSE İncelemesi','<p>&nbsp;</p><p><i>“Daha iyisi gelene kadar en iyisi bu”</i> sözü vardır ya hani, işte <i>Spider-Man: Into the Spider-Verse</i>‘ün tek cümlelik özeti de bu aslında. Şu ana kadar izlemiş olduğunuz her Spider-Man yapımını düşünün; bu film onların hepsini toplayıp ikiye katlayan bir başarıda. Ve kesinlikle bize güvenin, bu konuda gram abartmıyoruz.</p><p>Yazıda&nbsp;<strong>spoiler olmayacak,&nbsp;</strong>bu yüzden&nbsp;gönül rahatlığıyla sonuna kadar okuyabilirsiniz. Zaten Örümcek Adam’a dair bir şey bilmeyenin de şu vakitte çok nadir olduğunu düşündüğüm için, spoilerla inceleme yapmanın gereksiz olduğu kanaatindeyim. O halde önce teknik sayılabilecek yorumlamaları aradan çıkaralım hadi.</p><figure class=\"image\"><img src=\"https://geekyapar.com/wp-content/uploads/2018/12/shareImage.jpg\" alt=\"shareImage\" srcset=\"https://geekyapar.com/wp-content/uploads/2018/12/shareImage-300x157.jpg 300w, https://geekyapar.com/wp-content/uploads/2018/12/shareImage.jpg 625w\" sizes=\"100vw\" width=\"625\"></figure><p><i>Spider-Man: Into the Spider-Verse</i>, fragmanları çıktığından bu yana çok yüksek beklentiler uyandırmadan merak edilebilecek türden bir film pozisyonundaydı. Bir animasyon sever olarak benim izlenecekler listeme biraz daha yukarıdan giriş yapmış olsa da çoğu insanın&nbsp;çok büyük gişe filmlerini beklediği kadar tırnaklarını kemirerek bekliyor olduğunu düşünmüyordum. Ne kadar da yanılmışım oysa!</p><p>Dünyaya geldiğimden beri tükettiğim “geek” teması altında ortaya koyulan birçok yapımla karşılaştırmak istiyorum öncelikle. Yapılmak istenenin çok iyi anlaşılıp ortaya tertemiz bir iş çıkartıldığının somut kanıtı olarak bu filmi sunabilirim herkese, hem de büyük bir gönül rahatlığıyla! Hani hep esprisini yaptığımız şu “felsefesini anlamamışsınız” muhabbeti var ya, adamlar bu sefer gerçekten de Spider-Man’in felsefesini anlamış, helal olsun. Çünkü emeği geçen tüm kadronun ismi ekranda akmadan önceki son dakikalarda sahiden de <i>maskeyi takan herkesin, isterse ve hak ederse, Örümcek Adam olabileceği</i>ni tüyleriniz diken diken olarak hissediyorsunuz. Mahallemizin canayakın dostu Örümcek Adam’ın, her şeye rağmen insan oluşunu anlamışlar ve yansıtmışlar. Zaten bir süper kahraman filminde de bu olunca, nedense otomatik olarak yargılarınız pozitif bir yola sapıyor aniden.</p><figure class=\"image\"><img src=\"https://geekyapar.com/wp-content/uploads/2018/12/Screen_Shot_2018_10_02_at_10.15.16_AM.0.png\" alt=\"Screen_Shot_2018_10_02_at_10.15.16_AM.0\" srcset=\"https://geekyapar.com/wp-content/uploads/2018/12/Screen_Shot_2018_10_02_at_10.15.16_AM.0-300x200.png 300w, https://geekyapar.com/wp-content/uploads/2018/12/Screen_Shot_2018_10_02_at_10.15.16_AM.0.png 625w\" sizes=\"100vw\" width=\"625\"></figure>',NULL,'Basarili','MARVEL',NULL,NULL,NULL),(72,'Serhat','serhat@gmail.com','İyi Dizilerin İyi Kötülere İhtiyacı Var!','<p>&nbsp;</p><p>Edebiyatta en çok anlatılan hikaye iyi ve kötünün kavgası olsa gerek. Antik Yunan hikayelerinden günümüz süper kahramanlarına kadar uzanan, insanlığın en sevdiği hikaye olan iyi ve kötünün çarpışması zaman içinde birçok farklı yönden ele alındı. En basit ve yaygın haliyle iyilik hikayenin protagonisti ile sembolize edilir, kahraman hikayede kötülüğü temsil eden antagonist ile savaşır ve sonunda kahramınımız, yani iyilik kazanır. Bu savaş filmlerde işlendiğinde film içinde başlar, gelişir ve sonuçlanır. Film serilerinde Harry Potter’da olduğu gibi tüm seriye yayılabilir veya MCU filmlerinde olduğu gibi her filmde farklı bir kötüyle savaşılabilir. Bir iyiye karşı bir kötü, bir protagoniste karşı bir antagonist.</p><p>Dizilerde durum tam da bu iki opsiyonun arasında. Episodik ilerleyen dizilerde her bölüm farklı bir engel aşılırken bir veya birden fazla sezona yayılan baş bir düşman izleyebiliyoruz. Bazı dizilerde ise kahramanın her sezon aynı düşmanı farklı şekilde yendiğini görüyoruz. Her bir yeni düşmanın yenilmesiyle kahramanların hikayesinde bir bölüm kapanıyor. Bu da anlatılan hikayenin başarısı için onları en az başkahramanlar kadar önemli kılıyor. Diziler protagonistlerine yaklaştığı özende antagonistlerine yaklaştıklarında ise çok ilgi çekici ve kaliteli bir hikaye ortaya çıkıyor. Ancak buradaki denge çok iyi kurulmalı; eğer bir dizide antagonistler geçici ise her antagoniste aynı özen gösterilmediğinde bu dizinin kalitesinden ödün verdiğini gösterebilir.</p><p>Sanıyorum Sherlock bu iddiayı en güçlendiren örneklerden biri: Sherlock, birinci sezonunda sıradışı tarzıyla kendine çok geniş bir hayran kitlesi yarattı. Sağlam oyuncu kadrosu, ilgi çekici vakaları ve polisiye dizilerde görülmemiş farklı bir yönetmenlik anlayışıyla birlikte dizi gayet akıllıca tasarlanmıştı. Sezonun son bölümünde de bize dizinin en iyi sahnelerinden birini yaşatan baş kötü karakterle tanıştık: <strong>Moriarty.</strong></p><p>&nbsp;</p><figure class=\"image\"><img src=\"https://geekyapar.com/wp-content/uploads/2018/12/moriartycrown-e1545404907324.png\" alt=\"moriartycrown\"></figure><p>&nbsp;</p><p>Sherlock Holmes’ün efsanevi baş düşmanı olmasından hem de sürekli bahsi geçmesinden dolayı bu karakterle tanışmak için sabırsızlanıyorduk. İkinci sezonuyla bize veda etmesi sadece hayranlarını üzmekle kalmadı, Moriarty gittikten sonra dizide bir boşluk hissediliyordu. Dizinin episodik olay örgüleri ilgi çekiciydi, yönetmenlik yine iyiydi, başrollere zaten diyecek bir şey yoktu. Peki Moriarty’nin vedası diziyi neden ve nasıl bu kadar etkiledi?</p><p>Öncelikle dizi daha ilk bölümden Moriarty ile başladı diyebiliriz. Aktif bir şekilde ilk iki bölümde olmasa da yazarların bölümleri onu düşünerek yazdıkları anlaşılıyordu. O Sherlock’un hikayesine sonradan eklenen bir parça değil ilk iki sezondaki hikayenin merkeziydi. Sezon boyunca yazarlar Moriarty’nin neler yapabileceğinin ipuçlarını bize vermişti, tek ihtiyacımız olan karakterin kendisiydi. Onun gelişiyle dizinin odağı onun planlarına karşılık Sherlock’un mücadelesine döndü. Bu sebeple de Moriarty teknik olarak bir yan karakter olsa da onun gidişi başrollerden birinin vedası etkisini yarattı.</p><figure class=\"image\"><img src=\"https://geekyapar.com/wp-content/uploads/2018/12/b4efb90f76b5950513120f1bb9f9469888e40d58_hq-e1545405044910.jpg\" alt=\"b4efb90f76b5950513120f1bb9f9469888e40d58_hq\"></figure>',NULL,'Basarili','DİZİ-ÇİZGİROMAN',NULL,NULL,NULL),(73,'Serhat','serhat@gmail.com','SOLO: A STAR WARS STORY’nin Oscar...','<p>Üniversiteden mezun olup profesyonel hayata girince, pek çok şeyin ne kadar Allah’a emanet olduğunu fark ediyorsunuz; bilmiyorum benzer şeyler yaşamış olanlarınız var mı? Koca koca şirketlerin, koca koca politikaları aslında baya tam olarak ne konuşulduğu belli olmayan toplantıların ardından iletişim kopukluğu içinde çürüyen ekiplere teslim ediliyor, uygulanırken bir şeyler ters gidiyor ve kervanlar çoğunlukla yolda düzülüyor. Bu esnada da pek çok hata ve sıkıntı yaşanıyor.</p><p>Fakat yine de belli standartlar olmalı hayatta. <strong>Disney</strong>, bu standartların çok komik bir biçimde altında kalmış. Oscar ödülleri için aday olmak isteyenler, belki bir kısmınız biliyordur, gidip başvuru yapmak zorundalar. Akademi’nin bir son tarihi var. Bu son tarih <strong>15 Kasım</strong>. Bu güne kadar, değerlendirilmeyi arzu ettiğin dalları seçip filmini yolluyorsun. Yani inşallah yolluyorsun. Mesela Disney, <strong>Solo: A Star Wars Story</strong>’yi yollamayı unutmuş.</p><figure class=\"image\"><img src=\"https://geekyapar.com/wp-content/uploads/2018/05/Lando-Calrissian-Donald-Glover-Solo-Star-Wars-Story-1024x512.jpg\" alt=\"Lando-Calrissian-Donald-Glover-Solo-Star-Wars-Story\" srcset=\"https://geekyapar.com/wp-content/uploads/2018/05/Lando-Calrissian-Donald-Glover-Solo-Star-Wars-Story-300x150.jpg 300w, https://geekyapar.com/wp-content/uploads/2018/05/Lando-Calrissian-Donald-Glover-Solo-Star-Wars-Story-768x384.jpg 768w, https://geekyapar.com/wp-content/uploads/2018/05/Lando-Calrissian-Donald-Glover-Solo-Star-Wars-Story-1024x512.jpg 1024w\" sizes=\"100vw\" width=\"625\"></figure><p>Baya unutmuş arkadaşlar. Geç yollanmış yani filmin müziği. <i>John Powell</i> imzalı, <i>John Williams</i>’ın da katkıda bulunduğu filmin müziğini gerekli vakitte Akademi’ye ulaştıramadıkları için bugün Solo Oscar adayı değil. Hoş belki, yetiştirseler de olmazdı; orası tabii ki belli değil. Sonuçta yetiştiremedikleri için kesinlikle olmadı. Ve biz merak etmeden duramıyoruz, 16 Kasım sabahı Disney ofisinde nasıl bir toplantı yaşandı?</p><p>Yani hakikaten, bu “finansal raporu teslim etmeyi unuttun” gibi bir şey değil ki. Oscar ulan bu. <strong>Oscar! </strong>Bir kişinin hatası mı bu, yani birine gidip “<strong>Jane, bu akşam Akademi başvurusunu yapmayı unutma</strong>” dediler, Jane de sonra onun yerine akşam gecelere akmaya mı karar verdi? Ya da Jane zaten şirketten ayrılacaktı, giderayak son bir şaka mı yapayım dedi? Belki de Jane “<i>aman ben ne uğraşıcam be, stajyer Jonathan, gel buraya</i>” çekmiştir? Yani gerçekten inanılmaz, Grosskreutz’un Galatasaray transferinden beri böyle bir şey görmemiştim. Siz hatırlıyor msunuz?</p><p><br>&nbsp;</p>',NULL,'Basarili','DİZİ-ÇİZGİROMAN',NULL,NULL,NULL),(74,'Serhat','serhat@gmail.com','DOCTOR WHO YENİ YIL BÖLÜMÜNE İLK BAKIŞ','<p>Tanıtım videosunun içeriğini konuşmadan önce, şu “Noel’e bölüm çıkartmıyoruz, yılbaşına çıkartıyoruz” keteliğine değinmeden geçmek istemedim. Ketelik diye nitelendirme sebebim kesinlikle bu tercihin arkasında olabilecek daha evrensel olalım, Noel ile yılbaşını bir ayıralım gibi düşünceler değil. Yeni yıl için özel bölümü çekilen tek dizi Doctor Who değil, ayrıca her yıl aralık ayının son haftası ile ocak ayının ilk haftası etraf yılbaşı, yeni bir yıl, yeni bir soluk vb. temaları işleyen dizilerle doluyor zaten. Bu bakımdan Doctor Who’nun yeni yıl teması işleyip işlememesiyle ilgili bir sıkıntımız da yok. Konuyla ilgili Chibnail “Noel temalı anlatacak hikâyemiz kalmadı, cıvkını da çıkartmayalım” minvalinde açıklamalar yapmıştı, buradaki dürüstlüğü de takdir ediyorum. Ama bunu söyledikten sonra, Noel’in beş –rakamla 5- gün sonrasına bölüm çıkartıyorsunuz. Noel’in cıvkını çıkartmaya gerek yok diyorsunuz, tamam; Noel babaları, Christmas şarkılarını, ökseotlu dekorları sömürmek istemiyorsunuz, bunu da anladık. Diğer yandan özel bölümü duyururken “Yeni yıla Doctor Who ile girebileceğimiz için çok heyecanlandık ehehe” diye açıklama yapıyorsunuz. E bu özel bölümün gelme amacı ve şu açıklamanın vurgusu yine yeni yıl ruhundan faydalanmak olmuyor mu? Noel demeyip yılbaşı deyince, ökseotlu dekor kullanmayacak mısınız sanki? İşin ketelik kısmı burası. Hâlbuki çıkartın yine geleneksel olarak 25’inde bölümünüzü, temanızı da Noel ya da yeni yıl olarak belirlemeyin olsun bitsin.</p><figure class=\"image\"><img src=\"https://geekyapar.com/wp-content/uploads/2018/12/dalek-e1545765467313.jpg\" alt=\"dalek\"></figure><p>Neyse, gelelim tanıtım videosuna. Açılışta Doktor’un evrenin en tehlikeli canlısının DNA’sından bahsettiğini ve daha sonrasında bu DNA’nın 9. yüzyıldan beri Dünya’da gömülü olduğunu açıkladığını duyuyoruz. Doktor, bundan sonra da yol arkadaşlarına söz konusu yaratığın gezegenin kontrolünü eline geçirene kadar durmayacağını ve yoluna çıkan herkesi de öldüreceğini söylüyor. Graham’ın “İsmi var mı bunun?” sorusunun ardından dramatik bir duraklama veriliyor ve tanıtım videosu bitiyor. Şu ifadelerden hareketle, aradaki savaş sahnelerini bir kenara alırsak, elbette ki ben de dâhil olmak üzere herkesin aklına <strong>Dalekler</strong> geliyor. Nitekim, gerek Youtube’da videonun altında, gerekse de çeşitli forum sitelerinde insanlar Daleklerin gelişiyle ilgili coşmuş hâldeler. Bir yandan Daleklerin tekrar güncellenmiş olabileceği ile ilgili teoriler dönerken, diğer yandan da Doktor’un <i>“they”</i> değil, <i>“it”</i> dediği ve bu sebeple de söz konusu edilenin <strong>tek bir Dalek</strong> olabileceğine yönelik düşünceler belirtiliyor. Kendi adıma Dalekleri görmeyi çok isterim ve böyle bir şey beni heyecanlandırır ama bahsedilenin cidden Dalekler olmayabileceğini de düşünmüyor değilim.</p>',NULL,'Basarili','DİZİ-ÇİZGİROMAN',NULL,NULL,NULL),(75,'Serhat','serhat@gmail.com','2018\'de eleştirmenlerden tam not alan film...','<figure class=\"image\"><img src=\"https://donanimhaber.com/images/images/haber/106273/2018-de-elestirmenlerden-tam-not-alan-film-ve-diziler106273_0.jpg\" alt=\"2018\'de eleştirmenlerden tam not alan film ve diziler\"></figure><p>&nbsp;</p><p>Sinema ve televizyon dünyası için inişlerle çıkışlarla dolu bir yıl daha geride kalırken, yılın son günlerine girmemizle birlikte bu yılın kazananları ve kaybedenleri de netlik kazandı. Film ve dizilerin eleştirmenlerden aldıkları yorumlara göre derecelendirildiği ünlü sinema sitesi <strong>Rotten Tomatoes</strong> da yıl sonu geleneğine katıldı ve bu yıl <strong>eleştirmenlerden tam not alan film ve dizilerin listesini yayımladı.</strong></p><p>İzleyicilerin bir film veya diziyi izleyip izlemeyeceklerine karar verirken en sık başvurduğu platformlardan biri olan Rottan Tomatoes\'ta 100 üzerinden 100 almak oldukça zor bir iş. Ancak her yıl olduğu gibi bu yıl da zoru başaran bazı film ve diziler oldu.</p><p>&nbsp;</p><p>2018\'de<strong> tüm eleştirmenlerden olumlu not alan 9 film</strong> şöyle sıralandı:</p><p>Hannah Gadsby: Nannette<br>Leave No Trace<br>Minding the Gap<br>Night Comes On<br>Oh Lucy!<br>Paddington 2<br>Pick of the Litter<br>Shirkers<br>Summer 1993 (Estiu 1993)</p>',NULL,'Basarili','DİZİ-ÇİZGİROMAN',NULL,NULL,NULL),(76,'Ahmet','ahmet@gmail.com','Çin, Ay\'ın uzak yüzünden panoramik fotoğraf...','<p>Çin Ulusal Uzay İdaresi, Ay\'ın uzak yüzünden etkileyici fotoğraflar yayınlamaya devam ediyor. Uzay ajansı, şimdi de iniş aracı Chang\'e 4\'ün Von Karman kraterinde yakaladığı panoramik bir fotoğrafı paylaştı<br>10 Ocak tarihinde çekildiği belirtilen fotoğrafta Chang\'e 4\'ün iniş yaptığı bölgeyi ilk kez çok detaylı bir şekilde görme fırsatı yakalıyoruz. Von Karman kraterinin yüzeysel özellikleri dikkat çekiyor. Ayrıca hemen yakınlarda bulunan küçük keşif aracı Yutu 2\'de fotoğrafta görülebiliyor. Panoramik fotoğrafın orijinal haline ulaşmak için <a href=\"https://img.donanimhaber.com/upfiles/603610/4cea98ce-bfab-4c67-a421-66833f5fbb31.jpg\"><strong>buraya</strong></a> tıklayabilirsiniz.<br><br>Fotoğrafla ilgili bazı açıklamalar yapan Çinli araştırmacı Li Chunlai,\"Panoramada uzay aracının küçük kraterlerle çevrili bir bölgede bulunduğunu görüyoruz. Oldukça heyecan verici bir durum.\" sözlerini kullandı. Li ayrıca panoramik görüntünün 80 farklı fotoğraftan oluştuğunu belirtti.<br><br>&nbsp;</p><figure class=\"image\"><img src=\"https://donanimhaber.com/images/images/haber/106853/Cin-Ay-in-uzak-yuzunden-panoramik-fotograf-paylasti106853_1.jpg\" alt=\"Çin, Ay\'ın uzak yüzünden panoramik fotoğraf paylaştı\"></figure><p>Chang\'e 4 görevi, bir iniş ve bir keşif aracı (Yutu 2) olmak üzere iki uzay aracından oluşuyor. Görevin en önemli kısmı olan Yutu 2, geçtiğimiz hafta iniş aracından ayrılıp Ay\'ı keşfetmeye başlamıştı. 186 kilometre genişliğindeki Von Karman kraterinde bulunan Yutu 2, Ay\'ın uzak yüzünde detaylı bilimsel çalışmalar yapan ilk uzay aracı olacak. Yutu 2\'nin Von Karman kraterinin topoğrafik ve mineralojik yapısını incelemesi, su buzları keşfetmeye yönelik çalışmalar yapması ve çeşitli bilimsel deneyler gerçekleştirmesi bekleniyor.</p>',NULL,'Basarili','UZAY',NULL,NULL,NULL),(77,'Ahmet','ahmet@gmail.com','2018\'de Ay\'a uzay aracı indirecekler','<p>PTScientists tarafından geçtiğimiz günlerde yapılan açıklamalara göre ekip Ay\'a bir iniş modülü ve iki farklı gözlem aracı gönderecek. Gözlem araçlarının geliştirilmesinde bir süredir Alman otomobil markası Audi\'den yardım alan grup, ayrıca fırlatma işlemleri için de SpaceX ile anlaşmaya varmış. Görevin kalkış tarihi henüz netlik kazanmamış olsa da şu an için 2018\'in ilk ayları işaret ediliyor. Zira PTScientists ekibi aynı zamanda <a href=\"http://lunar.xprize.org/teams?utm_campaign=DonanimHaber&amp;utm_medium=referral&amp;utm_source=DonanimHaber\"><strong>Google\'ın Lunar X Prize</strong></a> yarışmasındaki diğer ekiplerle de Ay\'a uzay aracı indiren ilk özel şirket olma yolunda kıyasıya bir yarış halinde.</p><figure class=\"image\"><img src=\"https://donanimhaber.com/images/images/haber/90097/Alman-muhendisler-tarih-yazmaya-geliyor-2018de-Aya-uzay-araci-indirecekler90097_1.jpg\" alt=\"Alman mühendisler tarih yazmaya geliyor: 2018\'de Ay\'a uzay aracı indirecekler\"></figure><p>SpaceX\'in Falcon 9 roketi üzerinde Ay\'a fırlatılacak olan uzay araçları, Taurus-Littrow Vadisi isimli bölgeye iniş yapacak. İnişin ardından iniş modülünden ayrılıp bağımsız bir şekilde hareket etmeye başlayacak olan araçlar bu aşamadan sonra ilginç bir hedefe yönelecek ve <strong>Ay\'da yürüyen son insan Eugene Cernan\'ın</strong> orada bıraktığı arabayı(üstteki fotoğraf) aramaya koyulacaklar. PTScientists ekibi, <strong>yaklaşık 50 yıldır Ay\'da terk edilmiş şekilde bekleyen</strong> bu arabayı incelemek ve bugünkü durumunu görmek istiyorlar.<br><br>Saatte maksimum 3.6 kilometrelik hıza ulaşabilen keşif araçlarının önemli bir kısmı Audi tarafından geliştirilmiş. Gücünü üzerindeki güneş panellerinden sağlayan araçlar yaklaşık 35 kilogramlık bir ağırlığa sahip. Uzay araçları ayrıca Ay\'ı incelemek için de; 3 boyutlu fotoğraflar çekebilen iki stereo kamera, video ve panoramik fotoğraflar yakalayabilen üçüncü bir kamera ve bir bilimsel kamerayı da üzerlerinde taşıyacak.</p>',NULL,'Basarili','UZAY',NULL,NULL,NULL),(78,'Ahmet','ahmet@gmail.com','Boeing\'den sıra dışı transonik kanat tasarımına','<figure class=\"image\"><img src=\"https://donanimhaber.com/images/images/haber/106889/Rusya-radyo-teleskobunun-kontrolunu-kaybetti106889_0.jpg\" alt=\"Rusya yörüngedeki radyo teleskobunun kontrolünü kaybetti\"></figure><p>&nbsp;</p><p>Rusya tarafından <strong>2011</strong> yılında fırlatılan <strong>Spektr-R</strong> isimli radyo teleskobu önemli bir aksaklıkla karşı karşıya. Gelen açıklamalara göre <strong>10 Ocak</strong> tarihinden bu yana gönderilen hiçbir komuttan cevap alınamamış. Bu da teleskobun kontrol edilememesine sebebiyet veriyor. Rus uzmanlar sorunu çözmek için çalışmaya devam ediyorlar.</p><p>&nbsp;</p><h2>2014 yılına kadar çalışması bekleniyordu</h2><p>2011 yılında yörüngeye yerleşen Spektr-R radyo teleskobunun&nbsp;<strong>2014</strong> yılında görevini sonlandıracağı tahmin ediliyordu. Ancak günümüze kadar çalışmaya devam etmeyi başarabildi. Radyo dalgalarını incelemek amacıyla gönderilen araç sinyal iletimine hala devam ediyor. Yalnızca verilen komutlara cevap veremiyor. Bu da gelecekteki görevlerde kullanılamamasına sebep olacak. Yakın zamanda Soyuz roketinin kalkış sırasında patlaması düşünülünce bu radyo teleskobunun da kullanılmaz hale gelmesi önemli bir gerileme olarak görülebilir.</p>',NULL,'Basarili','UZAY',NULL,NULL,NULL),(79,'Mehmet','mehmet@gmail.com','Yeni BMW 7 Serisi tanıtıldı:, yeni motorlar','<figure class=\"image\"><img src=\"https://donanimhaber.com/images/images/haber/107006/Yeni-BMW-7-Serisi-tanitildi-Yeni-tasarim-yeni-motorlar-ve-daha-fazlasi107006_0.jpg\" alt=\"Yeni BMW 7 Serisi tanıtıldı: Yeni tasarım, yeni motorlar ve daha fazlası\"></figure><p>&nbsp;</p><p>İlk etapta devasa böbrek ızgarasını, sonrasında ise tüm hatlarını gözler önüne seren sızıntı görselleriyle karşımıza çıkan<strong> yeni BMW 7 Serisi</strong> bugün resmi olarak tanıtıldı. İçinde ve dışında kozmetik güncellemelere ev sahipliği yapan aracın boyu da selefine nazaran biraz daha uzamış. İşte yeni BMW 7 Serisi’nin özellikleri:</p><p>Yeni BMW 7 Serisi’nin ön ucu eskisine nazaran <strong>50 mm yukarı kaldırılmış</strong> ve bu sayede otomobilin daha heybetli görünmesi sağlanmış. Bu heybetli görünüme fazlasıyla destek olan devasa ızgara da selefine göre<strong> yüzde 40 oranında büyümüş</strong>. Krom detaylarla bezeli ızgaranın yanına opsiyonel olarak <strong>BMW Laserlight teknolojisiyle </strong>alınabilen ince farlar yerleştirilerek güzel bir zıtlık yaratılmaya çalışılmış.</p><h2>Eskisine göre 22 mm daha uzun&nbsp;</h2><p>Siyah ve kırmızı yüzeylere sahip<strong> LED stop lambaları yaklaşık 35 mm inceltilmiş</strong> ve bagaj kapağı boyunca uzanan kırmızı bir LED şerit ile birbirine bağlanmış. Tamponun en altındaki büyük egzoz çıkışları da krom çerçeve ile süslenerek aracın geneliyle güzel bir bütünlük sağlanmış.<strong> İki farklı aks mesafesi </strong>ile sunulan yeni BMW 7 Serisi’nin LWB versiyonu diğerinden<strong> 14 cm daha uzun</strong>. Bu sayede daha geniş bir yaşam alanı vadediyor. Ayrıca her iki versiyon da <strong>selefine nazaran 22mm civarında uzamış</strong>. Uzunlukları sırasıyla<strong> 5,120 mm</strong> ve<strong>5,260 mm</strong> olarak ölçülüyor. Yükseklik ve genişliğinde değişim olmamış.</p><figure class=\"image\"><img src=\"https://donanimhaber.com/images/images/haber/107006/Yeni-BMW-7-Serisi-tanitildi-Yeni-tasarim-yeni-motorlar-ve-daha-fazlasi107006_1.jpg\" alt=\"Yeni BMW 7 Serisi tanıtıldı: Yeni tasarım, yeni motorlar ve daha fazlası\"></figure><p>&nbsp;</p>',NULL,'Basarili','OTOMOBİL',NULL,NULL,NULL),(80,'Mehmet','mehmet@gmail.com','Kia, 8 kişilik büyük SUV modeli 2020 ...','<figure class=\"image\"><img src=\"https://donanimhaber.com/images/images/haber/106992/Kia-8-kisilik-buyuk-SUV-modeli-2020-Kia-Telluride-i-tanitti106992_0.jpg\" alt=\"Kia, 8 kişilik büyük SUV modeli 2020 Kia Telluride\'i tanıttı\"></figure><p>&nbsp;</p><p>&nbsp;</p><p>Özellikle büyük ve güçlü SUV’ların rağbet gördüğü ABD pazarına yönelen Kia, <strong>Detroit Otomobil Fuarı</strong>’nda<strong> 2020 Kia Telluride </strong>modelinin üretim versiyonunu sergiledi. Geçtiğimiz aylarda tanıtılan <strong>Hyundai Palisade</strong>’ın kuzeni olan Telluride, üç sıra koltuk düzenine sahip 8 kişilik kabiniyle Kia’nın ürün gamındaki en büyük araç olma özelliği taşıyor.</p><p>2020 Kia Telluride SUV’un krom detaylarla bezeli<strong> büyük ızgarası</strong> tarafından domine edilen ön yüzünde köşeli yapıya sahip aydınlatma grubu dikkat çekiyor. Krom detayların devam ettiği yan tarafta yeni tasarım siyah jantlar aracın gövdesiyle güzel bir bütünlük oluşturuyor. Aracın arka tarafında ise dikey olarak yerleştirilen <strong>üç şeritli LED stop</strong> lambaları, cam üzerine yerleştirilmiş spoiler ve <strong>çift egzoz çıkışı</strong> dikkat çekiyor. Ayrıca aracın ön ve arka yüzü geniş Telluride yazılarıyla süslenmiş.</p><p>&nbsp;</p><h2>3.8 litre V6 motor tek seçenek&nbsp;</h2><p>2020 Kia Telluride SUV’un büyük gövdesinin altında<strong> 3.8 litrelik V6 ünite </strong>yatıyor. Kaputun altındaki tek seçenek olan motor <strong>6,000 d/dak’da 291 beygir </strong>güç ve<strong> 5,200 d/dak’da 355 Nm </strong>tork üretiyor.<strong> 8 ileri otomatik şanzımanla</strong> eşlenen motor, gücünü standart olarak ön tekerleklere, opsiyon olarak ise <strong>dört tekerleğe</strong> birden aktarıyor.</p><figure class=\"image\"><img src=\"https://donanimhaber.com/images/images/haber/106992/Kia-8-kisilik-buyuk-SUV-modeli-2020-Kia-Telluride-i-tanitti106992_1.jpg\" alt=\"Kia, 8 kişilik büyük SUV modeli 2020 Kia Telluride\'i tanıttı\"></figure><p>&nbsp;</p>',NULL,'Basarili','OTOMOBİL',NULL,NULL,NULL),(81,'Mehmet','mehmet@gmail.com','2019 Ford Shelby GT500 tanıtıldı','<figure class=\"image\"><img src=\"https://donanimhaber.com/images/images/haber/106968/2019-Ford-Shelby-GT500-tanitildi-Gelmis-gecmis-en-guclu-Mustang106968_0.jpg\" alt=\"2019 Ford Shelby GT500 tanıtıldı: \"></figure><p>&nbsp;</p><p>&nbsp;</p><p><strong>Detroit Otomobil Fuarı</strong>’nda tüm dikkatleri üzerine çekmeyi başaran <strong>Ford</strong>, burada sergilediği <strong>2019 Ford Shelby GT500</strong> modeliyle adeta göz doldurdu. Kaputunun altında<strong> 5.2 litrelik V8 motor</strong> bulunduran otomobil, Mustang serisinin şimdiye kadarki en güçlü versiyonu olarak lanse ediliyor.</p><p>&nbsp;</p><h2>Açıklanan teknik değerler&nbsp;</h2><p>ABD merkezli üretici 2019 Ford Shelby GT500 modelini görücüye çıkarsa da V8 motorun teknik verilerini henüz tam olarak açıklamadı. Şimdilik “<strong>700 beygirin üzerinde</strong>” güç çıkışına sahip olacağını bildiğimiz motorla birlikte yeni GT500’ün<strong> 0-100 km/s hızlanmasını 3.5 – 4 saniye</strong> aralığında tamamlayacağı ve <strong>400 metre skorunun 11 saniyenin altında </strong>olacağı söyleniyor.</p><p>Ford’un açıkladığı bir diğer detay da şanzıman. 2019 Ford Shelby GT500’deki V8 motor yalnızca <strong>Tremec 7 ileri DCT</strong> şanzımanla eşlenebiliyor. Bu sistem üretilen gücü özel olarak geliştirilen <strong>karbon fiber şaft</strong> aracılığıyla arka tekerleklere iletiyor. Ford’un iddiasına göre bu şanzımanın <strong>vites yükseltme hızı 100 milisaniyenin altında</strong>. Ayrıca araçta <strong>Normal</strong>, <strong>Sport</strong>, <strong>Drag </strong>ve <strong>Track </strong>olmak üzere dört farklı sürüş modu bulunuyor. Müşterilerin favori özelliklerinden <strong>line lock </strong>ve <strong>kalkış kontrol sistemi </strong>de GT500’de hazır bulunuyor.</p><figure class=\"image\"><img src=\"https://donanimhaber.com/images/images/haber/106968/2019-Ford-Shelby-GT500-tanitildi-Gelmis-gecmis-en-guclu-Mustang106968_1.jpg\" alt=\"2019 Ford Shelby GT500 tanıtıldı: \"></figure><p><br>&nbsp;</p>',NULL,'Basarili','OTOMOBİL',NULL,NULL,NULL),(82,'Mehmet','mehmet@gmail.com','Ram Trucks, sınıfının en güçlü pickup...','<figure class=\"image\"><img src=\"https://donanimhaber.com/images/images/haber/106975/Ram-Trucks-sinifinin-en-guclu-pickup-modellerini-tanitti-2019-Ram-HD-ailesi106975_0.jpg\" alt=\"Ram Trucks, sınıfının en güçlü pickup modellerini tanıttı: 2019 Ram HD ailesi\"></figure><p>&nbsp;</p><p>&nbsp;</p><p>ABD pazarının gözde araçları arasında yer alan pickup modelleri <strong>Detroit Otomobil Fuarı</strong>’nı boş geçmedi. Sektörün önemli temsilcilerinden <strong>Ram Trucks</strong>, sınıfının en güçlü ve en yeteneklisi olarak lanse ettiği <strong>2019 Ram HD (Heavy Duty) ailesini</strong> görücüye çıkardı.</p><p>ABD merkezli ticari araç üreticisinin bu iddiası boşa değil. Zira <strong>2019 Ram 3500 HD </strong>modeli <strong>15 tona yakın çekme kapasitesi </strong>ve <strong>3.5 tona yakın yük kapasitesi</strong> ile dikkat çekiyor. Bu değerlerin kaputun altında yatan yeni<strong> 6.7 litrelik altı silindirli turbo dizel </strong>üniteyle mümkün olduğu söyleniyor.<strong> 2,800 d/dak’da 400 beygir</strong> güç üreten bu motor,<strong> 1,800 d/dak’da 1,354 Nm tork değeri </strong>sunuyor. Bu motorun aynı zamanda 2019 Ram 3500 HD modelinde <strong>370 beygir güç ve 1,151 Nm tork üreten versiyonu da</strong> mevcut.</p><p>&nbsp;</p><h2>3 farklı motor 3 farklı şanzıman&nbsp;</h2><p>Söz konusu motorlar dizel versiyonları tercih eden müşterilere yönelik opsiyon olarak sunuluyor. 2019 Ram 2500 ve 3500 HD modellerinde <strong>standart olarak ise 6.4 litrelik Hemi V8 </strong>ünite kullanılıyor. <strong>5,600 d/dak’da 410 beygir güç </strong>üreten bu benzinli ünite <strong>4,000 d/dak’da 581 Nm tork</strong> üretiyor. Bu ünite <strong>TorqueFlite 8HP75 </strong>adı verilen<strong> 8 ileri otomatik </strong>şanzımanla birlikte çalışıyor.</p><figure class=\"image\"><img src=\"https://donanimhaber.com/images/images/haber/106975/Ram-Trucks-sinifinin-en-guclu-pickup-modellerini-tanitti-2019-Ram-HD-ailesi106975_1.jpg\" alt=\"Ram Trucks, sınıfının en güçlü pickup modellerini tanıttı: 2019 Ram HD ailesi\"></figure><p><br>&nbsp;</p>',NULL,'Basarili','OTOMOBİL',NULL,NULL,NULL),(83,'Ayşe','ayse@gmail.com','Game Pass\'e Bu Ay 4 Yeni Oyun Eklenecek','<p>Oyunları belli bir süre kiralayarak, satın almadan oynamaya imkan veren Xbox Game Pass\'e yeni oyunlar eklenmeye devam ediyor. Halihazırda birçok oyunun yer aldığı platforma, ocak ayının sonuna kadar aralarında We Happy Few ve Shadow of Mordor\'un da olduğu 4 yeni oyun daha geliyor.</p><p>Microsoft\'un, Xbox kullanıcılarının oyunları kısmi satın almalar ile oynamasına fırsat verdiği Xbox Game Pass platformu, 2019\'a bomba gibi girdi. Geçen iki haftada Just Cause 3 ve&nbsp;Ark: Survival Evolved ile birlikte 6 yeni oyunun&nbsp;platforma eklenmesi, Game Pass kullanıcılarının yüzünü güldürmüştü. Microsoft, oyuncuları sevindirecek bir açıklama daha yaparak ocak ayının sonuna kadar 4 yeni oyunun platforma ekleneceğini duyurdu.</p><figure class=\"image\"><img src=\"https://www.webtekno.com/images/editor/default/0001/87/276bc354cd150a5e785077101dca2375d8beb49b.jpeg\" alt=\"\"></figure><p>Microsoft\'un Twitter hesabından paylaşılan Xbox Game Pass görselinde hangi oyunların platforma ekleneceği açıkça görülüyor.&nbsp;We Happy Few ve&nbsp;Lego Movie: The Video Game\'in bu hafta,&nbsp;Middle-Earth: Shadow of Mordor ve&nbsp;Saints Row: The Third\'ün ise önümüzdeki hafta platforma eklenmesi bekleniyor.</p>',NULL,'Basarili','XBOX',NULL,NULL,NULL),(84,'Ayşe','ayse@gmail.com','League of Legends\'ın Mağazasında...','<figure class=\"image\"><img src=\"https://cdn.webtekno.com/media/cache/content_detail_v2/article/60933/league-of-legends-in-magazasinda-meydana-gelen-bir-hata-oyunculari-sinirlendirdi-1547229164.jpg\" alt=\"League of Legends\'ın Mağazasında Meydana Gelen Bir Hata Sonrası Skin\'ler Ücretsiz Oldu\"></figure><p>Günümüzün en popüler MOBA oyunlarından League of Legends\'ın mağazasında bir hata meydana geldi. Hatanın \'tam anlamıyla\' düzeltilmemesi bazı oyuncuları sinirlendirdi.</p><p>League of Legends mağazasındaki bir hata, oyuncuların <i>skinler’i</i> ücretsiz bir şekilde elde etmesine sebep oldu. Riot, bu hatayı düzeltti fakat bu sorundan faydalanan oyuncuların bu skinleri kullanmasına izin verdi.</p><p>Dün bazı oyuncular, kanlı ay kapsülleri ve prestij puanlarının fiyatının düştüğünü fark etti. Kapsüller ve prestij puanları mavi esanslarla da elde edilebiliyor. Mavi esanslar ücretsiz ve çoğunlukla şampiyonları açmada kullanılıyor. Riot puanı ise gerçek parayla alınabiliyor.</p>',NULL,'Basarili','XBOX',NULL,NULL,NULL),(85,'Ayşe','ayse@gmail.com','Epic Games Store\'un Geri Ödeme Politikası','<p>Epic Games, geri ödeme politikasını güncelleyerek bu konuda Steam ile benzeyen bir politika haline getirdi.</p><p>Epic Games Store, geri ödeme politikasını Steam pazarının şartlarına uygun bir şekilde güncelleyerek satın alımın ilk iki haftasında, 2 saatten az oynanmış olması durumunda koşulsuz geri ödeme yapma imkanı tanıdı.</p><p>Henüz pek çok konuda kendini geliştirme sürecinde olan Epic Games Store ile ilgili en çok tartışılan konulardan biri, kullanıcıların fikirlerini paylaşacakları bir tür forumun olmamasıydı ancak gelen açıklamalara göre kullanıcı yorumlarının olacağı bir kısım önümüzdeki dönemde store\'a eklenecek.</p><figure class=\"image\"><img src=\"https://www.webtekno.com/images/editor/default/0001/86/65935077aaccf0fb26a7d012d8d60015502299f1.jpeg\" alt=\"\"></figure><p>&nbsp;</p><h3><a href=\"https://www.webtekno.com/epic-games-android-oyun-gelistiricilerini-kendi-oyun-magazasina-cagiriyor-h60244.html\">Epic Games, Android Oyun Geliştiricilerini Kendi Oyun Mağazasına Çağırıyor</a></h3><p>&nbsp;</p><p>Epic Games Store şu anda 30 farklı bölgede, 130 ülkede kullanılabilir durumda. Geliştirme aşamasında olan özelliklerden bir diğeri ise oyunların yerel para birimleriyle sunulabilmesi kısmı. Çünkü şu an tüm oyunlar dolar cinsinden satışa sunuluyor.&nbsp;</p><p>Epic Games Store henüz yalnızca iki aydır kullanımda ancak rakibi Steam\'e kıyasla oyun geliştiricilere çok daha fazla pay verdiği için, pazara dahil olduğu günden beri adından sıkça söz ettirmeyi başardı. Gelecekte Steam ile rekabetlerinde gelecekleri nokta ise merak uyandırıcı.</p>',NULL,'Basarili','XBOX',NULL,NULL,NULL),(86,'Ayşe','ayse@gmail.com','Amazon, PlayStation Now Benzeri Bir Oyun Yayın','<p>Twitch ile oyun dünyasına verdiği önemi kanıtlayan Amazon, gelen haberlere göre PlayStation Now\'a rakip bir oyun yayını platformu kurma üzerine çalışmalar yapıyor.</p><p>Günümüzün popüler oyunları, oyunculara muhteşem grafikler ve mekanikler sunuyor olsalar da oyuncuların bu oyunları çalıştırabilmesi için güçlü bilgisayarlara ya da oyun konsollarına sahip olması gerekiyor. Oyunların sürekli olarak yenilendiğini düşünürsek güncel oyunları oynamanın ciddi bir maliyet oluşturduğunu söyleyebiliriz.</p><p>&nbsp;</p><p>&nbsp;</p><h3><a href=\"https://www.webtekno.com/amazon-ne-yapti-da-dunya-nin-en-degerli-sirketi-haline-geldi-h60749.html\">Amazon Nasıl Oldu da Yeniden \'Dünya’nın En Değerli\' Şirketi Haline Geldi?</a></h3><p>&nbsp;</p><p>The Information tarafından aktarılan bilgiye göre dünyanın en değerli şirketi konumunda bulunan Amazon, oyuncuların yalnızca internet bağlantısı kullanarak konsol, bilgisayar ya da akıllı telefonları üzerinden güncel oyunları oynayabilecekleri Netflix benzeri sistemi olan bir platform oluşturmayı planlıyor.</p><figure class=\"image\"><img src=\"https://www.webtekno.com/images/editor/default/0001/86/db52a139862b62650da17ed185d49e0dc12faf0d.jpeg\" alt=\"\"></figure><p>Söz konusu sistemde oyunlar, veri merkezlerinde bulunan son derece güçlü bilgisayarlarda çalıştırılacak. Belli bir internet hızı ve kalitesine sahip olan oyuncular, oyunları kendi bilgisayarlarında çalıştırmak yerine veri merkezlerinde çalıştırıp çevrimiçi olarak oynayabilecekler. Böylece güncel oyunları oynamak için konsol ya da PC’ye gerek kalmayacak.</p>',NULL,'Basarili','XBOX',NULL,NULL,NULL),(87,'Ayşe','ayse@gmail.com','Red Dead Redemption 2’ye Battle Royale Modu','<p>Red Dead Redemption 2’nin çevrimiçi çok oyunculu modu Red Dead Online beta aşamasında. Yeni güncellemenin gelmesiyle beraber Red Dead Redemption 2’nin de battle royale modu oldu.</p><p>2018 yılına damgasını vuran oyunlar arasında başı çeken Red Dead Online, aldığı güncellemelerle de gelişmeye devam ediyor. Oyuna gelecek olan yeni özellikler şu anda beta aşamasında ve geliştirilmeye devam ediyor.</p><p>Beta aşamasındaki özelliklerden biri de Gun Rush. Gun Rush, battle royale tarzında bir oyun tecrübesi vaat ediyor. Bu mod, PlayStation 4 ve Xbox One için yayınlandı. Modda 32 oyuncuya kadar bir arada oynamak mümkün. Gittikçe küçülen bir savaş alanında mücadele eden oyuncular, hayatta kalmak için silah bulmak zorundalar. Oyuncular tek başlarına ya da bir takım olarak mücadele etme şansına sahipler.</p><p>&nbsp;</p><p>&nbsp;</p><h3><a href=\"https://www.webtekno.com/game-developers-choice-awards-adaylari-aciklandi-red-dead-redemption-2-7-dalda-aday-h60508.html\">Game Developers Choice Awards Adayları Açıklandı: Red Dead Redemption 2, 7 Dalda Aday</a></h3><p>&nbsp;</p><figure class=\"image\"><img src=\"https://www.webtekno.com/images/editor/default/0001/86/92e3eee245f07ef2ebb25a4c064f729d2b1b0262.png\" alt=\"\"></figure><p>&nbsp;</p><p>Rockstar’ın planladığı yeni geliştirmeler de var. Bunlar arasında günlük meydan okumalar, yenilenmiş kelle ödülü sistemi ve oyuncuların kullanımını kolaylaştıran diğer etkileşim değişiklikleri var. Gelecekte yapılacak güncellemelerde yeni hikaye görevleri, dinamik etkinlikler, toplanabilir eşyalar ve yarışlar gibi farklı rekabet modları da oyuna eklenecek.</p>',NULL,'Basarili','XBOX',NULL,NULL,NULL),(88,'Sevim','sevim@gmail.com','Avengers: Infinity War hakkında','<figure class=\"image\"><img src=\"https://donanimhaber.com/images/images/haber/99360/Avengers-infinity-War-hakkinda-ilk-yorumlar-paylasildi99360_0.jpg\" alt=\"Avengers: Infinity War hakkında ilk yorumlar paylaşıldı\"></figure><p>&nbsp;</p><p>Bu yılın en heyecanla beklenen filmlerinden <strong>Avengers: Infinity War</strong>, yarın sinemaseverler ile buluşacak. <strong>Marvel sinematik evreni</strong> için bir devrin sonu olarak görülen film, sinematik evrende yer alan tüm kahramanları bir araya getirecek. Tüm dünyada sinemaseverler Infinity War için gün sayarken, Amerika\'da bir grup sinema eleştirmeni ve basın mensubu filmi erkenden izleme şansı yakaladı.</p><p>Avengers: Infinity War için geçtiğimiz günlerde düzenlenen özel gösterime katılan eleştirmenler, film hakkında ilk görüşlerini sosyal medya üzerinden paylaştı. Film hakkında <strong>ilk eleştiriler son derece olumlu olsa da, yeni Avengers filminin kusursuz olduğu söylenemez.</strong> Bazı eleştirmenler, tüm zamanların en ihtişamlı filmlerinden Infinity War\'un, zaman zaman devasa hikayesinin altında ezildiği ve üst üste gelen aksiyonun bunaltıcı olduğu görüşünde.</p><p><a href=\"https://donanimhaber.com/Venom-filminden-ilk-uzun-fragman-yayinlandi--99281\">Ayrıca Bkz.<strong>\"Venom filminden ilk uzun fragman yayınlandı\"</strong></a></p><p>Sinema eleştirmenleri Infinity War\'un son derece <strong>eğlenceli ve mizah dozu yüksek</strong> bir film olduğu konusunda büyük ölçüde hemfikir. Marvel sinematik evreni için bu son derece alışıldık bir övgü olsa da, Infinity War, Marvel\'in daha önce eleştirildiği konularda da övgü toplamayı başardı.</p><figure class=\"image\"><img src=\"https://donanimhaber.com/images/images/haber/99360/Avengers-infinity-War-hakkinda-ilk-yorumlar-paylasildi99360_1.jpg\" alt=\"Avengers: Infinity War hakkında ilk yorumlar paylaşıldı\"></figure><p>&nbsp;</p>',NULL,'Basarili','MARVEL',NULL,NULL,NULL),(89,'Sevim','sevim@gmail.com','Avengers: Infinity War fragmanı','<figure class=\"image\"><img src=\"https://donanimhaber.com/images/images/haber/95599/Avengers-infinity-War-fragmani-rekor-kirdi95599_0.jpg\" alt=\"Avengers: Infinity War fragmanı rekor kırdı\"></figure><p>&nbsp;</p><p>2018\'in en heyecanla beklenen filmlerinden <strong>Avengers: Infinity War</strong> için tanıtım çalışmalarına başlayan Marvel Studios, filmin ilk fragmanını iki gün önce yayınladı. Marvel\'in sevilen kahramanlarını yeniden bir araya getiren Infinity War\'un fragmanı sinemaseverler tarafından ilgiyle karşılandı.</p><p>Avengers: Infinity War için yayınlanan fragmana ilgi o kadar büyüktü ki, fragman ilk 24 saatteki izlenme sayısı ile yeni bir rekora imza attı. Yayınlandıktan sonraki ilk 24 saatte <strong>230 milyon izlenmeye ulaşan</strong> Infinity War, kısa bir süre önce bu rekoru ele geçiren It\'i (197 milyon izlenme) geride bıraktı ve böylece <strong>yeni bir rekora imza atmayı başardı.</strong><a href=\"https://donanimhaber.com/Justice-League-gisede-beklentilerin-altinda-kaldi--95432\">Ayrıca Bkz.<strong>\"Justice League gişede beklentilerin altında kaldı\"</strong></a><br>&nbsp;</p><p>Captain America: Winter Soldier ve Captain America: Civil War\'un da yönetmenleri olan <strong>Anthony ve Joe Russo</strong>\'un yönetmenliğini üstlendiği Avengers: Infinity War; Marvel sinematik evreninin şu ana kadar olan kısmı için sonun başlangıcı olacak. Avengers ve Guardians of the Galaxy ekiplerini ilk kez bir araya getirecek film, bu iki ekibi Marvel çizgi romanlarının en güçlü kötülerinden biri olan Thanos ile karşı karşıya getirecek.</p><figure class=\"image\"><img src=\"https://donanimhaber.com/images/images/haber/95599/Avengers-infinity-War-fragmani-rekor-kirdi95599_1.jpg\" alt=\"Avengers: Infinity War fragmanı rekor kırdı\"></figure><p><br>&nbsp;</p>',NULL,'Basarili','MARVEL',NULL,NULL,NULL),(90,'Kerem','kerem@gmail.com','Aquaman\'den sonra Shazam','<figure class=\"image\"><img src=\"https://donanimhaber.com/images/images/haber/101676/Aquamanden-sonra-Shazamin-da-ilk-fragmani-yayimlandi101676_0.jpg\" alt=\"Aquaman\'den sonra Shazam\'ın da ilk fragmanı yayımlandı\"></figure><p>&nbsp;</p><p>&nbsp;</p><p>Şu sıralar ABD\'de düzenlenen San Diego Comic-Con\'da yeni projelerini tanıtan Warner Bros, özellikle <strong>DC Comics</strong> uyarlamaları ile adından söz ettirdi. Merakla beklenen Aquaman filminin ilk fragmanını yayımlayan Warner Bros, bununla yetinmedi ve önümüzdeki yıl çıkacak <strong>Shazam!</strong> filminin de ilk fragmanını yayımladı.</p><p>Yayımlanan bu ilk fragman, Shazam!\'ın DC sinematik evrenindeki diğer filmlerden farklı bir tona sahip olacağını gösteriyor. Batman v Superman, Suicide Squad ve Justice League\'te karanlık bir ton tercih eden Warner Bros, Shazam! filminde ise çok daha renkli ve eğlenceli bir hikaye sunacak.</p><p>&nbsp;</p><p><a href=\"https://donanimhaber.com/Aquamanin-ilk-fragmani-ComicConu-salladi--101673\">Ayrıca Bkz.<strong>\"Aquaman\'in ilk fragmanı Comic-Con\'u salladı\"</strong></a></p><p>DC Comics\'in en sevilen çizgi roman serileri arasında yer alan <strong>Shazam!</strong>; büyülü sözü (Shazam!) söyleyerek neredeyse Superman kadar güçlü bir süper kahramana dönüşebilen genç Billy Batson\'ın hikayesini anlatıyor.</p><figure class=\"image\"><img src=\"https://donanimhaber.com/images/images/haber/101676/Aquamanden-sonra-Shazamin-da-ilk-fragmani-yayimlandi101676_1.jpg\" alt=\"Aquaman\'den sonra Shazam\'ın da ilk fragmanı yayımlandı\"></figure><p>&nbsp;</p><p>Yönetmenliğini <strong>David F. Sandberg</strong> (Lights Out, Annabelle: Creation)\'in üstlendiği Shazam! filminde sevilen karakteri, Chuck dizisi ile adını duyuran<strong> Zachary Levi</strong> canlandırıyor.</p>',NULL,'Basarili','DC',NULL,NULL,''),(97,'Semih','semih@gmail.com','10nm işlemcili Crimson Canyon NUC hazır','<figure class=\"image\"><img src=\"https://donanimhaber.com/images/images/haber/107140/10nm-islemcili-Crimson-Canyon-NUC-hazir107140_0.jpg\" alt=\"10nm işlemcili Crimson Canyon NUC hazır\"></figure><p>&nbsp;</p><p><strong>Intel</strong>’in yıllardır mini PC segmentine sunduğu<strong> NUC </strong>serisi bu yıl ilk kez 10nm işlemcilere kavuşacak. Hali hazırda Intel’in küçük çaplı üretimini yaptığı <strong>Cannon Lake</strong> tabanlı ilk işlemci <strong>Core i3-8121U</strong>, yeni NUC modeline hayat verecek.</p><h2>&nbsp;</h2><h2>Intel Crimson Canyon özellikleri</h2><p><strong>NUC8i3CYSM</strong> model numaralı mini PC modeli çift çekirdekli <strong>Intel Core i3-8121U</strong> işlemcisinin yanında <strong>AMD Radeon RX 540 2GB GDDR5 </strong>grafik kartına da yer veriyor. Böylece temel seviyede oyun oynamak için de iyi bir alternatif haline geliyor. Ayrıca enerji tüketimi konusunda da cimri olacak.</p><p><a href=\"https://donanimhaber.com/Samsung-bu-yil-tamamen-centik-tasarimina-gecebilir--107125\">Ayrıca Bkz.<strong>\"Samsung bu yıl tamamen çentik tasarımına geçebilir\"</strong></a></p><p>Kasada 8GB çift kanal LPDDR4 bellek lehimli ve arttırılamıyor. 1TB 2.5 inçlik HDD yanında M.2-2280 slotu da SSD genişlemesi için ayrılmış. Stere HD ses yongası yanında mekânsal ses alabilen mikrofon da mevcut.</p><p>802.11ac + Bluetooth 5.0 teknolojilerini barındıran <strong>Intel Wireless-AC 9560 WLAN</strong> kartı yanında 1 GbE Ethernet, IR alıcı, 4 adet USB 3.1 type-A portu, iki adet HDMI 2.0b girişi yer alıyor. Intel henüz yeni NUC modelinin ne zaman piyasaya çıkacağını açıklamadı.</p>',NULL,'Basarili','DONANIM',NULL,NULL,NULL),(98,'Semih','semih@gmail.com','Spotify’ın araç içi müzik çaları bu yıl...','<figure class=\"image\"><img src=\"https://donanimhaber.com/images/images/haber/107133/Spotify-in-arac-ici-muzik-calari-bu-yil-icinde-piyasaya-cikabilir107133_0.jpg\" alt=\"Spotify’ın araç içi müzik çaları bu yıl içinde piyasaya çıkabilir\"></figure><p>&nbsp;</p><p><strong>Spotify </strong>firmasının araç içinde kullanılabilecek harici bir müzik çalar hazırladığı geçtiğimiz yıl gündeme gelmiş, ancak daha sonrasında cihaz ile ilgili pek bir gelişme yaşanmamıştı. Görünen o ki Spotify müzik çaları rafa kaldırmış değil. <strong>2019 yılı </strong>içinde piyasaya sürülmesi muhtemel alan cihaz, telefon zorunluluğu olmadan müzik listelerinize ulaşmanızı sağlayacak.</p><p>Financial Times’ın ulaştığı bilgiler cihazın; <strong>100 dolar </strong>civarında satılacağı, araç içi bağlantıyı <strong>Bluetooth </strong>ara yüzü ile yapacağı ve favori listelerinize kolay erişim sunacağı yönünde. Müzik çaların bir <strong>ekrana sahip olmayabileceği</strong> bilgisi de ayrıca paylaşılmış.</p><p><a href=\"https://donanimhaber.com/Spotify-in-aylik-aktif-kullanici-sayisi-200-milyona-ulasti--106851\">Ayrıca Bkz.<strong>\"Spotify\'ın aylık aktif kullanıcı sayısı 200 milyona ulaştı\"</strong></a></p><p>Sızıntıyı yapan kaynaklardan tam olarak edinilemeyen bilgiler ise cihazın, <strong>4G/LTE</strong>bağlantısına sahip olup olmayacağı ve müzik parçalarının cihaza önceden yüklenip yüklenmeyeceği olmuş. Cihazın internet paylaşımından ise yararlanabileceği ifade ediliyor.</p><p>&nbsp;</p><p>Hâlihazırda <strong>Spotify’ı</strong> <strong>telefonlarımızda </strong>kullanmak zaten kolayken, firma “Neden böyle bir maceraya atılıyor?” sorunun cevabı ise Amazon Alexa ve Google Asistan’da gizli gibi gözüküyor.</p>',NULL,'Basarili','DONANIM',NULL,NULL,NULL),(99,'Semih','semih@gmail.com','Western Digital performans odaklı yeni SSD..','<figure class=\"image\"><img src=\"https://donanimhaber.com/images/images/haber/107088/Western-Digital-performans-odakli-yeni-SSD-modellerini-duyurdu107088_0.jpg\" alt=\"Western Digital performans odaklı yeni SSD modellerini duyurdu\"></figure><p>&nbsp;</p><p>NVMe tabanlı SSD ürünlerine ağırlık vermek isteyen <strong>Western Digital</strong>, bu yıl ilk ürünlerini duyurdu. <strong>WD Black SN750 NVMe SSD s</strong>erisine 1TB ve 2TB kapasiteli iki yeni üye eklemeye hazırlanıyor.</p><p>&nbsp;</p><h2>WD Black SN750 NVMe SSD özellikleri ve fiyatı</h2><p><strong>Western Digital 3D NAND</strong> bellek modüllerini temel alan seride 250GB ve 500GB kapasiteli modeller hali hazırda satıştaydı. Tek yüzlü bu seride 1TB kapasitenin yanında 2TB kapasiteli versiyon da ısı dağıtıcısı ile desteklenmiş.</p><p><a href=\"https://donanimhaber.com/Dunyanin-ilk-Super-X-Fi-kulakliklari-duyuruldu--107057\">Ayrıca Bkz.<strong>\"Dünyanın ilk Super X-Fi kulaklıkları duyuruldu\"</strong></a></p><p>1TB kapasiteli modelde yazma hızı 3000MB/s, okuma hızı 3470MB/s seviyelerine kadar çıkıyor. Rastgele okuma performansı 515 000 IOPS, yazma performansı da 560 000 IOPS olarak belirlenmiş. 5 yıl garanti ile gelen modelin yazma ömrü 600TB.</p><p>2TB kapasiteli model ise 70-100MB/s daha düşük veri transfer hızlarına sahip. Rastgele işlem performansı da bir miktar düşük. Yazma ömrü ise 1200TB olarak ölçülmüş.</p><p>ABD’de satışta olan serinin fiyatları 79$-129$-249$-499$ şeklinde sıralanıyor. Sadece 2TB kapasiteli model bahar aylarında piyasada olacak. Bu seri Avrupa’ya yine aynı dönemlerde sunulacak.</p>',NULL,'Basarili','DONANIM',NULL,NULL,NULL),(100,'Semih','semih@gmail.com','Dünyanın ilk taktik oyuncu monitörü','<figure class=\"image\"><img src=\"https://donanimhaber.com/images/images/haber/107077/Dunyanin-ilk-taktik-oyuncu-monitoru-satisa-cikiyor107077_0.jpg\" alt=\"Dünyanın ilk taktik oyuncu monitörü satışa çıkıyor\"></figure><p>&nbsp;</p><p>&nbsp;</p><p>CES 2019 tüketici elektroniği fuarında dünyanın ilk taktik oyuncu monitörü olarak duyurulan <strong>Gigabyte AORUS AD27QD </strong>satışa çıkıyor. Fiyatına göre monitör oldukça ilgi çekici özellikler sunuyor.</p><h2>Gigabyte AORUS AD27QD özellikleri ve fiyatı<br>&nbsp;</h2><p>Gigabyte AORUS AD27QD modeli 27 inçlik 2560x1440 piksel çözünürlüğünde IPS ekran barındırıyor. İnce çerçeveli 3 kenar sayesinde çerçevesiz bir görünüm elde edilirken gövde de daha kompakt hale getiriliyor.</p><p>Monitörün arka kısmı dalış yapan bir şahin tasarımında. İki kenarda RGB aydınlatma yer alırken stand kısmı ise bir gagayı andırıyor. Böylece monitörün görünümü daha agresif bir tasarıma sahip olmuş.</p>',NULL,'Basarili','DONANIM',NULL,NULL,NULL),(101,'Semih','semih@gmail.com','Dünyanın ilk Super X-Fi kulaklıkları duyuruldu','<figure class=\"image\"><img src=\"https://donanimhaber.com/images/images/haber/107057/Dunyanin-ilk-Super-X-Fi-kulakliklari-duyuruldu107057_0.jpg\" alt=\"Dünyanın ilk Super X-Fi kulaklıkları duyuruldu\"></figure><p>&nbsp;</p><p><strong>Creative</strong> firmasının üst seviye çoklu hoparlör sistemlerindeki ses kalitesini kulaklıklara sunduğu <strong>Super X-Fi</strong> teknolojisi ilk ürünlerini verdi. <strong>SXFI AIR ve SXFI AIR C</strong> modelleri Super X-Fi tabanlı ilk kulaklıklar oldu.</p><p>&nbsp;</p><h2>SXFI AIR özellikleri ve fiyatı</h2><p>Holografik ses tanımlaması yapılan <strong>Super X-Fi</strong> teknolojisi kullanıcının kulak ve kafa yapısını haritalayarak sesi optimize ediyor. Böylece ses sanki dışarıdan geliyormuş hissiyatı oluşturuluyor. <strong>Super X-Fi</strong> teknolojisi pek çok ödül aldı.</p><p><a href=\"https://donanimhaber.com/Simdi-de-GeForce-GTX-1660-Ti-ekran-karti-soylentileri--107049\">Ayrıca Bkz.<strong>\"Şimdi de GeForce GTX 1660 Ti ekran kartı söylentileri\"</strong></a></p><p><strong>SXFI AIR </strong>modeli 50mm neodim sürücüler barındırıyor. Bluetooth ve USB bağlantıları sayesinde geniş bir platform desteği sunan model USB üzerinden düşük gecikmeli 7.1 kanal ses verebiliyor.</p><p>Dış kısmında dokunmatik kontrolleri olan model ayrıca hafıza kartı üzerinden müzik de oynatabiliyor. Ayrıca 16 milyon renk destekli RGB halka da görünüme ayrı bir hava katıyor. SXFI AIR modeli için 149 Pound fiyat etiketi belirlenmiş.</p><p><strong>SXFI AIR C USB</strong> ise sadece USB bağlantısı sunuyor. Dokunmatik kontroller, SD kart yuvası ve Bluetooth bağlantısı mevcut değil. Fiyatı 119 Pound olarak açıklandı.</p>',NULL,'Basarili','DONANIM',NULL,NULL,NULL),(111,'Deneme','deneme@gmail.com',NULL,NULL,'Eline sağlık.....',NULL,NULL,NULL,NULL,'Onaylandı'),(112,'Deneme','deneme@gmail.com','Deneme','......',NULL,'Basarili',NULL,NULL,NULL,NULL);

#
# Structure for table "category"
#

DROP TABLE IF EXISTS `category`;
CREATE TABLE `category` (
  `id` int(11) NOT NULL AUTO_INCREMENT,
  `parentid` int(11) NOT NULL,
  `title` varchar(255) COLLATE utf8mb4_unicode_ci NOT NULL,
  `keywords` varchar(255) COLLATE utf8mb4_unicode_ci NOT NULL,
  `description` varchar(255) COLLATE utf8mb4_unicode_ci NOT NULL,
  `status` varchar(10) COLLATE utf8mb4_unicode_ci NOT NULL,
  PRIMARY KEY (`id`)
) ENGINE=InnoDB AUTO_INCREMENT=23 DEFAULT CHARSET=utf8mb4 COLLATE=utf8mb4_unicode_ci;

#
# Data for table "category"
#

INSERT INTO `category` VALUES (12,0,'UZAY','UZAY','Uzayla ilgili bilgiler','True'),(13,0,'OTOMOBİL','OTOMOBİL','Otomobil ile ilgili bilgiler...','True'),(14,0,'DİZİ-ÇİZGİROMAN','DİZİ-ÇİZGİROMAN','Dizi ve Çizgi-Roman dünyası ile ilgili bilgiler.','True'),(16,14,'MARVEL','MARVEL','Marvel ile ilgili bilgiler.','True'),(17,14,'DC','DC','DC ile ilgili bilgiler.','True'),(18,0,'OYUN','OYUN','Oyun ile ilgili bilgiler.','True'),(20,18,'PLAYSTATION','PLAYSTATION','PS ile ilgili bilgiler.','True'),(21,18,'XBOX','XBOX','Xbox ile ilgili bilgiler.','True'),(22,0,'DONANIM','DONANIM','Donanım ile ilgili bilgiler','True');

#
# Structure for table "contact_message"
#

DROP TABLE IF EXISTS `contact_message`;
CREATE TABLE `contact_message` (
  `id` int(11) NOT NULL AUTO_INCREMENT,
  `name` varchar(20) COLLATE utf8mb4_unicode_ci DEFAULT NULL,
  `email` varchar(60) COLLATE utf8mb4_unicode_ci DEFAULT NULL,
  `subject` varchar(200) COLLATE utf8mb4_unicode_ci DEFAULT NULL,
  `message` varchar(255) COLLATE utf8mb4_unicode_ci DEFAULT NULL,
  `comment` varchar(100) COLLATE utf8mb4_unicode_ci DEFAULT NULL,
  `status` varchar(10) COLLATE utf8mb4_unicode_ci DEFAULT NULL,
  `com` varchar(255) COLLATE utf8mb4_unicode_ci DEFAULT NULL,
  PRIMARY KEY (`id`)
) ENGINE=InnoDB AUTO_INCREMENT=14 DEFAULT CHARSET=utf8mb4 COLLATE=utf8mb4_unicode_ci;

#
# Data for table "contact_message"
#

INSERT INTO `contact_message` VALUES (12,'Ahmet','ahmet@gmail.com','deneme','deneme',NULL,NULL,NULL),(13,'Ayşe','ayse@gmail.com','Deneme','Deneme',NULL,NULL,NULL);

#
# Structure for table "image"
#

DROP TABLE IF EXISTS `image`;
CREATE TABLE `image` (
  `id` int(11) NOT NULL AUTO_INCREMENT,
  `product_id` int(11) DEFAULT NULL,
  `image` varchar(100) COLLATE utf8mb4_unicode_ci DEFAULT NULL,
  `bnoo` varchar(255) COLLATE utf8mb4_unicode_ci DEFAULT NULL,
  PRIMARY KEY (`id`)
) ENGINE=InnoDB AUTO_INCREMENT=39 DEFAULT CHARSET=utf8mb4 COLLATE=utf8mb4_unicode_ci;

#
# Data for table "image"
#

INSERT INTO `image` VALUES (1,6,'af33cf85b7e314e26e9fb8060bd8a40a.jpeg',NULL),(2,6,'11e7b53e2b2f21814fe9eb72a2134bc1.jpeg',NULL),(3,6,'13772e8d9ec9b2f1f0da7f8b74f2ec40.jpeg',NULL),(4,7,'628c781411142cfcc309ad8a0bd9100d.jpeg',NULL),(5,7,'c6353181e0a39f9da36c0e692af2ec75.jpeg',NULL),(6,7,'ed51aad78768097c9f87552af2593085.jpeg',NULL),(13,12,'f9ed36eac4843d0e5a6dcba2281b97b3.jpeg','12'),(14,12,'4e1e4607b76456e862776a870029fce6.jpeg','12'),(15,12,'6067c3d234b143197c0a8f15c6ba1704.jpeg','12'),(16,12,'ed5758d7526d8384878bac4a1146c9d7.jpeg','12'),(17,12,'e3a3e0dc474b13fc71ef212f6ef4d5f0.jpeg','12'),(18,14,'175337edfdff8c0bc07e8c6f26ec86f5.jpeg','14'),(20,14,'bab4b4a7b919aa3a2a0db2ed77bf6ab7.jpeg','14'),(21,14,'ee1616714ce2bbd03f9dee9f4c94b897.jpeg','14'),(22,14,'dfa4163c6d1798aabb0daae3c59b43f1.jpeg','14'),(23,14,'e0feae41d9d6685feb87f5d096047798.jpeg','14'),(24,15,'87fe193f548e02f4704c36bb6623bced.jpeg','15'),(25,15,'5e20a56a5373d242c70f81b0b5ef0e19.jpeg','15'),(26,15,'e83d738a4e0a7dd6e4c89e53b209dab7.jpeg','15'),(27,15,'b840f28b6f42a18adcc212edcd4a5c05.jpeg','15'),(28,15,'a269a5bfd0efca06e7591ea69a26b93b.jpeg','15'),(29,54,'4ceec397f0be4706fdb0f0748db54c82.jpeg','54'),(30,54,'2b2da9ce050dbc267d36bf6847ddc975.jpeg','54'),(31,54,'138c5c09b7bd57345aeff9cdb4620962.jpeg','54'),(32,54,'758a0a5a8a0a6b56a19b8f04fb3d0eb4.jpeg','54'),(33,54,'0b9d9097f29b5b15c4b2d8a21cc9450f.jpeg','54'),(34,30,'5732ff5352f194ee4a74310c64396c52.jpeg','30'),(35,30,'9da44cf9181c62664ff8c0009252f122.jpeg','30'),(36,30,'969cfb0e6ea73dd29f8c7e6b3386d894.jpeg','30'),(37,30,'2d6200717af161da5119cdf70c877852.png','30');

#
# Structure for table "migration_versions"
#

DROP TABLE IF EXISTS `migration_versions`;
CREATE TABLE `migration_versions` (
  `version` varchar(255) COLLATE utf8_unicode_ci NOT NULL,
  PRIMARY KEY (`version`)
) ENGINE=InnoDB DEFAULT CHARSET=utf8 COLLATE=utf8_unicode_ci;

#
# Data for table "migration_versions"
#

INSERT INTO `migration_versions` VALUES ('20181222161603'),('20181222223427'),('20181222232101'),('20181222232518'),('20181224142427'),('20181224155529'),('20181224160122'),('20181224160758'),('20181224161532'),('20181224164053'),('20181225020313'),('20181225020710'),('20181225021940'),('20181225022231'),('20181225022719'),('20181225022819'),('20181225023102'),('20181225023216'),('20181225023246'),('20181225024406'),('20181225024636'),('20181225024930'),('20181225025034'),('20181225025146'),('20181225025631'),('20181225030108'),('20181225030432'),('20181225030510'),('20181225030609'),('20181225030911'),('20181225032927'),('20181225033130'),('20181225110040'),('20181225110815'),('20181228015342'),('20190113152906'),('20190113164425'),('20190113183409'),('20190113202023'),('20190117204146'),('20190117211920'),('20190117212635'),('20190117222651'),('20190117223035'),('20190117223936'),('20190117225351'),('20190117225457'),('20190117233232'),('20190117235725'),('20190118151323'),('20190118154858'),('20190118162924'),('20190119192632'),('20190119193145'),('20190119193250'),('20190119230910'),('20190119231703'),('20190121010252'),('20190121010610'),('20190122013337'),('20190122013415');

#
# Structure for table "product"
#

DROP TABLE IF EXISTS `product`;
CREATE TABLE `product` (
  `id` int(11) NOT NULL AUTO_INCREMENT,
  `title` varchar(150) COLLATE utf8mb4_unicode_ci DEFAULT NULL,
  `keywords` varchar(255) COLLATE utf8mb4_unicode_ci DEFAULT NULL,
  `description` varchar(255) COLLATE utf8mb4_unicode_ci DEFAULT NULL,
  `type` int(11) DEFAULT NULL,
  `publisher_id` int(11) DEFAULT NULL,
  `year` int(11) DEFAULT NULL,
  `amount` int(11) DEFAULT NULL,
  `price` double DEFAULT NULL,
  `sellprice` double DEFAULT NULL,
  `min` int(11) DEFAULT NULL,
  `detail` longtext COLLATE utf8mb4_unicode_ci NOT NULL,
  `image` varchar(150) COLLATE utf8mb4_unicode_ci DEFAULT NULL,
  `writer_id` int(11) DEFAULT NULL,
  `category_id` int(11) DEFAULT NULL,
  `status` varchar(10) COLLATE utf8mb4_unicode_ci DEFAULT NULL,
  PRIMARY KEY (`id`)
) ENGINE=InnoDB AUTO_INCREMENT=59 DEFAULT CHARSET=utf8mb4 COLLATE=utf8mb4_unicode_ci;

#
# Data for table "product"
#

INSERT INTO `product` VALUES (12,'UZAY','UZAY','600 trilyon Güneş\'in parlaklığına sahip kuasar',NULL,NULL,NULL,NULL,NULL,NULL,NULL,'<p><i>Güneş\'in parlak olduğunu biliyoruz. Ancak galaktik anlamda parlaklık deyince Yıldız\'ımız maalesef sınıfta kalıyor. Yeni tespit edilen kuasar parlaklığın tanımını yeniden yazıyor.</i></p>','cd0b2f950fc26a207586ef9cc66d6f72.jpeg',NULL,12,'True'),(14,'PLAYSTATION','PLAYSTATION','EA, hikâye tabanlı Star Wars oyunu projesini iptal etti',NULL,NULL,NULL,NULL,NULL,NULL,NULL,'<p>Electronic Arts’ın büyük umutlarla başlayan ve Uncharted yönetmeni Amy Hennig’e emanet edilen hikâye tabanlı Star Wars oyunu projesi iptal edildi. Stüdyosu kapanan ve el değiştiren oyun tüm çabalara rağmen kurtarılamadı.</p>','60fb5c5b1d57bf18393df1e5077e66f2.jpeg',NULL,20,'True'),(15,'OTOMOBİL','OTOMOBİL','Skoda\'nın yeni crossover modeli için teaser videosu paylaşıldı',NULL,NULL,NULL,NULL,NULL,NULL,NULL,'<p>Skoda’nın SUV ailesi Kodiaq ve Karoq modellerinin ardından üçüncü üyesine merhaba demeye hazırlanıyor. Çekyalı üretici ürün gamına dahil etmek üzere 2019 Cenevre Otomobil Fuarı’nda görücüye çıkaracağı yeni crossover modeli için kısa bir teaser videosu paylaştı.</p>','052609fca706d1c89f16e78c3ccc5363.jpeg',NULL,13,'True'),(16,'PLAYSTATION','PLAYSTATION','Rocket League PlayStation 4 Çapraz Platform',NULL,NULL,NULL,NULL,NULL,NULL,NULL,'Rocket League oyunu Xbox, Nintento Switch ve bilgisayar oyuncuları arasında çapraz platform desteğine uzun zamandır sahip. Bu sayede oyuncular platform fark etmeksizin birlikte oyuna girebiliyorlar. Sadece PlayStation 4 çapraz platform desteği vermiyordu. Bugün itibariyle Sony, Rocket League’in Cross-Play Beta programına dahil edildiğini duyurdu.','d299cc60da1af0cdd0f6b5dfca5ec956.jpeg',NULL,20,'True'),(20,'DC COMICS','DC COMICS','DC filmlerine bir yenisi daha ekleniyor: Blue Beetle',NULL,NULL,NULL,NULL,NULL,NULL,NULL,'Batman v Superman ile temellerini attığı DC sinematik evrenini genişletmeye devam eden Warner Bros, sayıları hızla artan DC uyarlamalarına bir yenisini daha ekliyor. Halihazırda birçok DC kahramanının filmleri için hazırlıklarını sürdüren Warner Bros, şimdi de Blue Beetle filmi için hazırlıklara başladı.','a9177b3874cb515517e60a0abfe0ae33.jpeg',NULL,17,'True'),(21,'DC COMICS','DC COMICS','Aquaman, gişede 1 milyar doları geride bıraktı',NULL,NULL,NULL,NULL,NULL,NULL,NULL,'Gişedeceki macerasına hızla devam eden Aquaman, bu hafta sonu itibarıyla 1 milyar dolarlık sınırı geride bıraktı. Aquaman\'ın özellikle de ABD dışındaki ülkelerde büyük başarı elde ettiğini görüyoruz.','9e63a00e61de6d422f58290a1ef582de.jpeg',NULL,17,'True'),(22,'DC COMICS','DC COMICS','Wonder Woman ile ilgili ilk eleştiriler paylaşıldı',NULL,NULL,NULL,NULL,NULL,NULL,NULL,'Önümüzdeki ay gösterime girecek Wonder Woman\'ı erkenden izleme şansı yakalayan film eleştirmenleri ve sinemaseverler, film hakkında ilk eleştirileri paylaştılar.','e73ea86e39897834ef441ae670fbaf23.jpeg',NULL,17,'True'),(23,'DC COMICS','DC COMICS','Ben Affleck yeni Batman filmini yönetmeyecek',NULL,NULL,NULL,NULL,NULL,NULL,NULL,'Yeni Batman filminin başrolünü üstlenmesinin yanı sıra yönetmesi de beklenen ünlü oyuncu Ben Affleck, filmi yönetmeme kararı aldı. Warner Bros yeni bir yönetmen için arayışa başladı.','1254f99a21a7d16f7b1c2144c8949805.jpeg',NULL,17,'True'),(25,'MARVEL','MARVEL','INTO THE SPIDER-VERSE Devam Filminin Konusu Şimdiden Belli!',NULL,NULL,NULL,NULL,NULL,NULL,NULL,'Spider-Man: Into the Spider-Verse, izleyen herkesin büyük beğenisini kazandı şimdiden. Dünyanın her yerinden hayranlar, bu filmi internette farklı mecralarda farklı şekillerde övdüler üstelik. Biz de filme gitmiş ve fazlasıyla beğenmiştik; şuradan spoilersız incelememize, şuradan da spoilerlı video incelememize ulaşabilirsiniz efendim.','9eaeef4850d114181cced58b2fc854f4.jpeg',NULL,16,'True'),(26,'MARVEL','MARVEL','SPIDER-MAN: INTO THE SPIDER-VERSE İncelemesi',NULL,NULL,NULL,NULL,NULL,NULL,NULL,'<p>Daha iyisi gelene kadar en iyisi bu” sözü vardır ya hani, işte Spider-Man: Into the Spider-Verse‘ün tek cümlelik özeti de bu aslında. Şu ana kadar izlemiş olduğunuz her Spider-Man yapımını düşünün; bu film onların hepsini toplayıp ikiye katlayan bir başarıda. Ve kesinlikle bize güvenin, bu konuda gram abartmıyoruz.</p>','40aeac3b0709c620eaa08751168ebc52.jpeg',NULL,16,'True'),(27,'MARVEL','MARVEL','MARVEL’daŞimdi De LEAGUE OF LEGENDS Çizgi Romanı Geliyor!',NULL,NULL,NULL,NULL,NULL,NULL,NULL,'Çizgi romanların, dünyada popüler kültürü doğrudan etkilediği günlerde yaşıyoruz. Milyon dolarlık sinema evrenlerinden basit kırtasiye ürünlerine, oyunlardan yiyecek menülerine kadar her şeyde çizgi romanların bu etkisini görmek mümkün. Bu etkinin başlangıcı her ne kadar 1950’li yıllara dayansa da asıl büyük etkiyi yaratan 1990’ların sonu, 2000’lerin başında art arda çıkan süper kahraman filmleriydi.','601f80713b7f949a7ec20ec2df7b7c82.jpeg',NULL,16,'True'),(28,'DİZİ-ÇİZGİROMAN','DİZİ-ÇİZGİROMAN','İki DEV Kanıtla: İyi Dizilerin İyi Kötülere İhtiyacı Var!',NULL,NULL,NULL,NULL,NULL,NULL,NULL,'Edebiyatta en çok anlatılan hikaye iyi ve kötünün kavgası olsa gerek. Antik Yunan hikayelerinden günümüz süper kahramanlarına kadar uzanan, insanlığın en sevdiği hikaye olan iyi ve kötünün çarpışması zaman içinde birçok farklı yönden ele alındı.','12304ccb69ce05d506adfe69477e3ee0.png',NULL,14,'True'),(29,'DİZİ-ÇİZGİROMAN','DİZİ-ÇİZGİROMAN','SOLO: A STAR WARS STORY’nin Oscar Başvurusunu Unuttular',NULL,NULL,NULL,NULL,NULL,NULL,NULL,'<p>Koca koca şirketlerin, koca koca politikaları aslında baya tam olarak ne konuşulduğu belli olmayan toplantıların ardından iletişim kopukluğu içinde çürüyen ekiplere teslim ediliyor, uygulanırken bir şeyler ters gidiyor ve kervanlar çoğunlukla yolda düzülüyor. Bu esnada da pek çok hata ve sıkıntı yaşanıyor.</p>','3ec045a07166ffdff06e4af96bbe4c0c.jpeg',NULL,14,'True'),(30,'DİZİ-ÇİZGİROMAN','DİZİ-ÇİZGİROMAN','DOCTOR WHO YENİ YIL BÖLÜMÜNE İLK BAKIŞ',NULL,NULL,NULL,NULL,NULL,NULL,NULL,'<p>Doctor Who sevenlerini şöyle önlere doğru alabilir miyiz? Geçtiğimiz aylarda Doctor Who için bir Noel özel bölümü olmayacağı duyurulmuş ve 2005’ten beri her yıl Noel’de çıkan özel bölümü bu yıl izleyemeyeceğini öğrenen hayranlar da hâliyle biraz üzülmüştü.</p>','73cec0906e26686bf308fccda94eb0ec.jpeg',NULL,14,'True'),(31,'DİZİ-ÇİZGİROMAN','DİZİ-ÇİZGİROMAN','2018\'de eleştirmenlerden tam not alan film ve diziler',NULL,NULL,NULL,NULL,NULL,NULL,NULL,'<p>Film ve dizilerin eleştirmenlerin oyları ile derecelendirildiği Rotten Tomatoes, 2018 yılında eleştirmenlerden tam not almayı başaran film ve dizilerin listesini yayımladı.</p>','e753b9455772072047166705e84e914c.jpeg',NULL,14,'True'),(32,'UZAY','UZAY','Çin, Ay\'ın uzak yüzünden panoramik fotoğraf paylaştı',NULL,NULL,NULL,NULL,NULL,NULL,NULL,'Bu ayın başlarında Ay\'ın uzak yüzüne iniş yaparak tarihi bir ilke imza atan Çin, yalnız uydumuzdan etkileyici fotoğraflar paylaşmaya devam ediyor. İşte Chang\'e 4\'ün yakaladığı panoramik görüntü','e789f6288888a2678305a49b673437d0.jpeg',NULL,12,'True'),(33,'UZAY','UZAY','Alman mühendisler tarih yazmaya geliyor: 2018\'de Ay\'a uzay aracı indirecekler',NULL,NULL,NULL,NULL,NULL,NULL,NULL,'Alman mühendisler tarafından kurulan, Audi ve Vodafone gibi şirketlerden destek gören PTScientists isimli ekip 2018\'de Ay\'a bir uzay aracı indirerek tarih yazmaya hazırlanıyor.','116190f60ee37fb24f13f62bba3101bf.jpeg',NULL,12,'True'),(34,'UZAY','UZAY','Boeing\'den sıra dışı transonik kanat tasarımına sahip uçak',NULL,NULL,NULL,NULL,NULL,NULL,NULL,'Boeing ve NASA\'nın yıllardır üzerinde çalıştığı çevreci uçak tasarımı kapsamında gün yüzüne çıkan aracın sıra dışı bir kanat tasarımı var. Detayları haberimizde bulabilirsiniz.','5124de6538309cf34786d23026af08fe.jpeg',NULL,12,'True'),(35,'UZAY','UZAY','Rusya yörüngedeki radyo teleskobunun kontrolünü kaybetti',NULL,NULL,NULL,NULL,NULL,NULL,NULL,'Rusya’nın 2011 yılında yörüngeye yerleştirdiği Spektr-R isimli radyo teleskobu 10 Ocak tarihinden bu yana yanıt vermiyor. Teleskop hala çalışır durumda olsa da verilen komutlara tepkisiz.','f9510e18f6e7a2955148e0da60f49e4c.jpeg',NULL,12,'True'),(36,'OTOMOBİL','OTOMOBİL','Yeni BMW 7 Serisi tanıtıldı: Yeni tasarım, yeni motorlar ve daha fazlası',NULL,NULL,NULL,NULL,NULL,NULL,NULL,'Alman üreticinin amiral gemisi sedan modeli yeni BMW 7 Serisi yenilenen tasarımı, teknolojileri ve motorlarıyla resmi olarak tanıtıldı. İşte yeni BMW 7 Serisi ve tüm özellikleri:','1a5ec4798f212625a3a5553ff867317c.jpeg',NULL,13,'True'),(37,'OTOMOBİL','OTOMOBİL','Kia, 8 kişilik büyük SUV modeli 2020 Kia Telluride\'i tanıttı',NULL,NULL,NULL,NULL,NULL,NULL,NULL,'<p>Kia\'nın ürün gamındaki en büyük SUV olma özelliği taşıyan 2020 Kia Telluride, büyük gövdesinin içerisine 8 kişiyi sığdırabiliyor. Aracın kaputunun altında 291 beygirlik 3.8 litre V6 motor bulunuyor.</p>','e0b363dd82ab421734328154b3fff9b0.jpeg',NULL,13,'True'),(38,'OTOMOBİL','OTOMOBİL','2019 Ford Shelby GT500 tanıtıldı: \"Gelmiş geçmiş en güçlü Mustang',NULL,NULL,NULL,NULL,NULL,NULL,NULL,'ABD merkezli üretici Ford, gelmiş geçmiş en güçlü Mustang versiyonuyla Detroit\'e çıkarma yaptı. 2019 Ford Shelby GT500 modeli 700 beygirin üzerinde motoru ve DCT şanzıman ile dikkat çekiyor.','9f9f5e0ea4567b36e153c438b48cb7e0.jpeg',NULL,13,'True'),(39,'OTOMOBİL','OTOMOBİL','Ram Trucks, sınıfının en güçlü pickup modellerini tanıttı: 2019 Ram HD ailesi',NULL,NULL,NULL,NULL,NULL,NULL,NULL,'2019 Ram HD ailesinin en güçlü üyesi olan Ram 3500 HD, 15 ton çekme kapasitesi ve 3.5 ton yük kapasitesi ile dikkat çekiyor. 2019 Ram HD ailesi gücün yanı sıra son teknoloji sistemler sunuyor.','3013f2780930e43c432bd4d0776a5952.jpeg',NULL,13,'True'),(40,'XBOX','XBOX','Xbox Game Pass\'e Bu Ay 4 Yeni Oyun Daha Eklenecek',NULL,NULL,NULL,NULL,NULL,NULL,NULL,'Oyunları belli bir süre kiralayarak, satın almadan oynamaya imkan veren Xbox Game Pass\'e yeni oyunlar eklenmeye devam ediyor. Halihazırda birçok oyunun yer aldığı platforma, ocak ayının sonuna kadar aralarında We Happy Few ve Shadow of Mordor\'un da olduğu 4 yeni oyun daha geliyor.','7d263f641907cb86e92880cf75976af2.jpeg',NULL,21,'True'),(41,'XBOX','XBOX','League of Legends\'ın Mağazasında Meydana Gelen Bir Hata Sonrası Skin\'ler Ücretsiz Oldu',NULL,NULL,NULL,NULL,NULL,NULL,NULL,'Günümüzün en popüler MOBA oyunlarından League of Legends\'ın mağazasında bir hata meydana geldi. Hatanın \'tam anlamıyla\' düzeltilmemesi bazı oyuncuları sinirlendirdi.','e56769b45af1435bd0af01b2c502f694.jpeg',NULL,21,'True'),(42,'XBOX','XBOX','Epic Games Store\'un Geri Ödeme Politikası Yenilendi',NULL,NULL,NULL,NULL,NULL,NULL,NULL,'Epic Games, geri ödeme politikasını güncelleyerek bu konuda Steam ile benzeyen bir politika haline getirdi.','aade7f16aab5e26687da68b8a1e88b4a.jpeg',NULL,21,'True'),(43,'XBOX','XBOX','Amazon, PlayStation Now Benzeri Bir Oyun Yayın Servisi Üzerinde Çalışıyor',NULL,NULL,NULL,NULL,NULL,NULL,NULL,'Twitch ile oyun dünyasına verdiği önemi kanıtlayan Amazon, gelen haberlere göre PlayStation Now\'a rakip bir oyun yayını platformu kurma üzerine çalışmalar yapıyor.','fd53c6f93d219bc466709516c3a60efb.jpeg',NULL,21,'True'),(44,'XBOX','XBOX','Red Dead Redemption 2’ye Battle Royale Modu Geldi: Gun Rush',NULL,NULL,NULL,NULL,NULL,NULL,NULL,'Red Dead Redemption 2’nin çevrimiçi çok oyunculu modu Red Dead Online beta aşamasında. Yeni güncellemenin gelmesiyle beraber Red Dead Redemption 2’nin de battle royale modu oldu.','ec3a6d34f67628087cf579b59385f895.png',NULL,21,'True'),(45,'MARVEL','MARVEL','Avengers: Infinity War hakkında ilk yorumlar paylaşıldı',NULL,NULL,NULL,NULL,NULL,NULL,NULL,'Marvel\'in sevilen kahramanlarını bir araya getirecek Avengers: Infinity War, yarın sinemaseverler ile buluşacak. Sinema eleştirmenleri, merakla beklenen film hakkında ilk yorumlarını paylaştı.','f4689d1d97daac29977fd37d87561805.jpeg',NULL,16,'True'),(46,'MARVEL','MARVEL','Avengers: Infinity War fragmanı rekor kırdı',NULL,NULL,NULL,NULL,NULL,NULL,NULL,'Avengers: Infinity War\'un geçtiğimiz günlerde yayınlanan ilk fragmanı, sinemaseverlerden büyük ilgi gördü. İlk 24 saatteki izlenme sayısı ile It\'i geçen Infinity War yeni bir rekora imza attı.','b4516fc449747694ae276461d2a1e55b.jpeg',NULL,16,'True'),(47,'DC COMICS','DC COMICS','Aquaman\'den sonra Shazam\'ın da ilk fragmanı yayımlandı',NULL,NULL,NULL,NULL,NULL,NULL,NULL,'San Diego Comic-Con\'da yeni filmlerini tanıtan Warner Bros, Aquaman\'den sonra Shazam! filminin ilk fragmanını da yayımladı. Shazam!, önümüzdeki yıl sinemaseverler ile buluşacak.','0027632c6a81ad6d7d0d14bb9398c5c5.jpeg',NULL,17,'True'),(51,'DONANIM','DONANIM','10nm işlemcili Crimson Canyon NUC hazır',NULL,NULL,NULL,NULL,NULL,NULL,NULL,'İlk kez 10nm Intel işlemcilerine yer verecek Crimson Canyon NUC mini PC modeli hazır. Intel yakın zamanda modeli piyasaya sürmeye hazırlanıyor. Intel Crimson Canyon özellikleri haberimizde.','b45cee192f771c5ca6bd8cbe7e4fcf0c.jpeg',NULL,22,'True'),(52,'DONANIM','DONANIM','Spotify’ın araç içi müzik çaları bu yıl içinde piyasaya çıkabilir',NULL,NULL,NULL,NULL,NULL,NULL,NULL,'Spotify\'ın kendi müzik çalarını piyasaya süreceği gündemi bir süre meşgul etmişti. Yeni sızdırılan haberler, cihazın 2019 yılında piyasaya sürüleceği yönünde. Detaylar haberimizde.','8c20fe98568ec4c0585d96bc0f073861.jpeg',NULL,22,'True'),(53,'DONANIM','DONANIM','Western Digital performans odaklı yeni SSD modellerini duyurdu',NULL,NULL,NULL,NULL,NULL,NULL,NULL,'Performansa önem veren oyuncular ve profesyoneller için Western Digital iki yeni model duyurdu. WD Black SN750 NVMe SSD serisine dahil olan modellerin detayları haberimizde.','18707189ea5a507a9f7e081954f22651.jpeg',NULL,22,'True'),(54,'DONANIM','DONANIM','Dünyanın ilk taktik oyuncu monitörü satışa çıkıyor',NULL,NULL,NULL,NULL,NULL,NULL,NULL,'Gigabyte’ın taktik oyunlar için farklı yazılım özellikleri ile donattığı AORUS AD27QD oyuncu monitörü satışa çıkıyor. Gigabyte AORUS AD27QD özellikleri ve fiyatı haberimizde.','05c1011170ccf11700918f48a6784070.jpeg',NULL,22,'True'),(55,'DONANIM','DONANIM','Dünyanın ilk Super X-Fi kulaklıkları duyuruldu',NULL,NULL,NULL,NULL,NULL,NULL,NULL,'Kulağın haritasını çıkararak sesi optimize eden Super X-Fi teknolojisi ilk kez Creative SXFI AIR kulaklık modeli için sunuluyor. Kulaklık çoklu hoparlör tecrübesi yaşatacak.','dde577841e1742b3c374298a74fbf3fb.jpeg',NULL,22,'True'),(56,'PLAYSTATION','PLAYSTATION','Ubisoft, The Division 2\'nin Kapalı Beta Tarihini Açıkladı',NULL,NULL,NULL,NULL,NULL,NULL,NULL,'Ubisoft\'un merakla beklenen oyunu Tom Clancy\'s The Division 2\'nin kapalı beta tarihi açıklandı. Ayrıca Ubisoft, oyunun trailer\'ını da yayınladı.','cf6b1464f5197dd5f57fefb8af0f3e5b.jpeg',NULL,20,'True'),(57,'PLAYSTATION','PLAYSTATION','Fortnite’ta Hackerların Hedefi Olan Bir Güvenlik Açığı Ortaya Çıktı',NULL,NULL,NULL,NULL,NULL,NULL,NULL,'Fortnite, sitesindeki bir güvenlik açığını iki ayın ardından nihayet çözdü.','22265f9cd0cc7524fb53d7b0405330fc.jpeg',NULL,20,'True'),(58,'PLAYSTATION','PLAYSTATION','Call of Duty: Black Ops 4\'ün Battle Royale Modu 7 Gün Boyunca Ücretsiz',NULL,NULL,NULL,NULL,NULL,NULL,NULL,'Activision, bugün resmi Twitter hesabı aracılığı ile 7 günlük ücretsiz deneme sürümünü tüm oyunculara duyurdu.','613eaa2ceb84f8aa430bf3798424d110.jpeg',NULL,20,'True');

#
# Structure for table "setting"
#

DROP TABLE IF EXISTS `setting`;
CREATE TABLE `setting` (
  `id` int(11) NOT NULL AUTO_INCREMENT,
  `title` varchar(100) COLLATE utf8mb4_unicode_ci DEFAULT NULL,
  `description` varchar(255) COLLATE utf8mb4_unicode_ci DEFAULT NULL,
  `keywords` varchar(255) COLLATE utf8mb4_unicode_ci DEFAULT NULL,
  `company` varchar(255) COLLATE utf8mb4_unicode_ci DEFAULT NULL,
  `address` varchar(255) COLLATE utf8mb4_unicode_ci DEFAULT NULL,
  `fax` varchar(15) COLLATE utf8mb4_unicode_ci DEFAULT NULL,
  `phone` varchar(15) COLLATE utf8mb4_unicode_ci DEFAULT NULL,
  `email` varchar(50) COLLATE utf8mb4_unicode_ci DEFAULT NULL,
  `smtpserver` varchar(100) COLLATE utf8mb4_unicode_ci DEFAULT NULL,
  `smtpemail` varchar(50) COLLATE utf8mb4_unicode_ci DEFAULT NULL,
  `emtppassword` varchar(25) COLLATE utf8mb4_unicode_ci DEFAULT NULL,
  `smtpport` int(11) DEFAULT NULL,
  `aboutus` longtext COLLATE utf8mb4_unicode_ci DEFAULT NULL,
  `contact` longtext COLLATE utf8mb4_unicode_ci DEFAULT NULL,
  `referances` longtext COLLATE utf8mb4_unicode_ci DEFAULT NULL,
  `status` varchar(10) COLLATE utf8mb4_unicode_ci DEFAULT NULL,
  PRIMARY KEY (`id`)
) ENGINE=InnoDB AUTO_INCREMENT=3 DEFAULT CHARSET=utf8mb4 COLLATE=utf8mb4_unicode_ci;

#
# Data for table "setting"
#

INSERT INTO `setting` VALUES (2,'TeknoBlog','Teknoloji ve Genel Kültür Blog Sitesi','Teknoloji,Gündem,Genel Kültür','....','.....','......',NULL,NULL,NULL,NULL,NULL,NULL,'<h2>HAKKIMIZDA</h2><p>Modern hayatı şekillendiren yeni keşiflerin öncülüğünü üstlenerek daha iyi bir yaşamın standartlarını oluşturmak için çalışan Doğuş Grubu, 1951 yılında kuruldu.</p><p>Müşterilerinin yanı sıra çalışanları, iş ortakları ve hatta rakipleri için bir tutkuya dönüşecek, sınıfının en iyisi yaşam tarzı markalarını bünyesinde barındıran Doğuş, çalıştığı alanlarda küresel bir oyuncu olma hedefiyle çalışmalarına devam ediyor.</p><p>Otomotiv, inşaat, medya, turizm ve hizmetler, gayrimenkul, enerji ve yeme-içme olmak üzere yedi sektörde faaliyet gösteren Doğuş Grubu ayrıca, mevcut hizmet verdiği sektörlerin yanı sıra teknoloji, spor ve eğlence alanındaki yeni yatırımlarıyla da büyümesini sürdürüyor. Grup 300’ün üzerindeki şirketi ve 35 bini aşkın çalışanıyla müşterilerine üstün teknoloji, yüksek marka kalitesi ve dinamik bir insan kaynağı ile hizmet veriyor.</p><p>Doğuş Grubu’nun ulaştığı başarının arkasında, müşteri odaklı ve verimliliği merkez alan bir yönetim yaklaşımı yer alıyor. Bu yaklaşımın bir sonucu olarak, Grup dünya ölçeğinde saygın markalarla yaptığı iş birlikleriyle, Türkiye’yi bütün dünyada temsil ediyor. Doğuş Grubu’nun, otomotivde Volkswagen AG ve TÜVSÜD, medyada Condé Nast (Vogue, GQ, Traveller), turizmde Hyatt International Ltd, marinacılıkta Latsis Grubu, Kiriacoulis Grubu ve Adriatic Croatia International (ACI) Grubu’nun yanı sıra yeme-içme ve eğlence sektöründe de bünyesinde Coya, Roka, Zuma ve Oblix gibi markaları bulunduran uluslararası Azumi Grubu ve e-ticaret alanında Güney Koreli SK Group gibi büyük küresel oyuncularla iş birlikleri ve ortaklıkları bulunuyor.</p><p>Doğuş Grubu’nun yönetim yaklaşımı, bütün toplumun yararlandığı ve yararlanacağı kurumsal yurttaşlık bilincini de yansıtıyor. Doğuş Grubu, sosyal sorumluluk çalışmalarını yürütürken insanların hayatlarında bir iz bırakmayı ve günlük yaşamı daha iyi bir hale getirmeyi amaçlıyor. Grubun sosyal sorumluluk projeleri toplumun sürekli ileriye giden ve gelişen bir gelecek yaratmasına katkıda bulunmak hedefiyle yönetiliyor.</p><p>Grup, özellikle kültür-sanat, eğitim ve spor alanlarına odaklanan çeşitli kurumsal sosyal sorumluluk ve sponsorluk projelerini hayata geçiriyor. Destek verdiği tüm alanlarda, sorumluluklarının bilincinde olan Doğuş Grubu, topluma öncü ve örnek olma amacıyla hareket ederken, yatırımlarıyla ülke ekonomisine ve istihdama katkı sağlıyor.</p><p>Türkiye’de değişimin öncüleri arasında yer alan Doğuş Grubu, sahip olduğu geniş hizmet, bilgi ve iş birliği ağını hedeflerine ulaşmada en iyi şekilde değerlendiriyor. Doğuş Grubu standartları belirleyen, keşfederek ilerleyen küresel bir oyuncu olma vizyonuyla, ülke ekonomisine faydalı olacağına inandığı iş birliği ve yatırım fırsatlarını incelemeye devam ediyor.</p>','<p>Genel Müdürlük Büyükdere Caddesi No: 163 Zincirlikuyu Şişli 34394 İstanbul</p><p><strong>Sorumlu Kişi: </strong>Alternatif Satış Kanalları ve İletişim Merkezi</p><p><strong>Ticaret Unvanı:</strong> Aktif Yatırım Bankası A.Ş.</p><p><strong>Ticaret Sicil No:</strong> 424040</p><figure class=\"table\"><table><tbody><tr><th>Yer Sağlayıcı</th><td>:</td><td>Aktif Yatırım Bankası A.Ş.</td></tr><tr><th>İletişim Merkezi</th><td>:</td><td>0850 724 30 50</td></tr><tr><th>Telefon</th><td>:</td><td>0 212 340 80 00</td></tr><tr><th>Faks</th><td>:</td><td>0 212 340 88 79</td></tr><tr><th>Mersis</th><td>:</td><td>0225013653700015</td></tr><tr><th>Teleks</th><td>:</td><td>28807 cal tr</td></tr><tr><th>Swift</th><td>:</td><td>CAYTTRIS</td></tr><tr><th>Kayıtlı Elektronik Posta Adresi</th><td>:</td><td>aktifbank@hs03.kep.tr</td></tr><tr><th>E-Posta</th><td>:</td><td>iletisim@aktifbank.com.tr</td></tr></tbody></table></figure>','<h2>&nbsp;</h2><figure class=\"image\"><img src=\"http://www.yicom.com.tr/wp-content/uploads/2015/12/VICTORINOX.jpg\" alt=\"\" srcset=\"http://www.yicom.com.tr/wp-content/uploads/2015/12/VICTORINOX.jpg 180w, http://www.yicom.com.tr/wp-content/uploads/2015/12/VICTORINOX-150x150.jpg 150w\" sizes=\"100vw\" width=\"180\"></figure><p>&nbsp;</p><figure class=\"image\"><img src=\"http://www.yicom.com.tr/wp-content/uploads/2015/12/AIR-FRANCE.jpg\" alt=\"\" srcset=\"http://www.yicom.com.tr/wp-content/uploads/2015/12/AIR-FRANCE.jpg 180w, http://www.yicom.com.tr/wp-content/uploads/2015/12/AIR-FRANCE-150x150.jpg 150w\" sizes=\"100vw\" width=\"180\"></figure><figure class=\"image\"><img src=\"http://www.yicom.com.tr/wp-content/uploads/2015/12/ENKA.jpg\" alt=\"\" srcset=\"http://www.yicom.com.tr/wp-content/uploads/2015/12/ENKA.jpg 180w, http://www.yicom.com.tr/wp-content/uploads/2015/12/ENKA-150x150.jpg 150w\" sizes=\"100vw\" width=\"180\"></figure><p>&nbsp;</p><p>&nbsp;</p><figure class=\"image\"><img src=\"http://www.yicom.com.tr/wp-content/uploads/2015/12/RAMSEY.jpg\" alt=\"\" srcset=\"http://www.yicom.com.tr/wp-content/uploads/2015/12/RAMSEY.jpg 180w, http://www.yicom.com.tr/wp-content/uploads/2015/12/RAMSEY-150x150.jpg 150w\" sizes=\"100vw\" width=\"180\"></figure><figure class=\"image\"><img src=\"http://www.yicom.com.tr/wp-content/uploads/2015/12/GSK-GLAXO-SMITH-KLINE.jpg\" alt=\"\" srcset=\"http://www.yicom.com.tr/wp-content/uploads/2015/12/GSK-GLAXO-SMITH-KLINE.jpg 180w, http://www.yicom.com.tr/wp-content/uploads/2015/12/GSK-GLAXO-SMITH-KLINE-150x150.jpg 150w\" sizes=\"100vw\" width=\"180\"></figure><figure class=\"image\"><img src=\"http://www.yicom.com.tr/wp-content/uploads/2015/12/LILLY-%C4%B0LA%C3%87.jpg\" alt=\"\" srcset=\"http://www.yicom.com.tr/wp-content/uploads/2015/12/LILLY-İLAÇ.jpg 180w, http://www.yicom.com.tr/wp-content/uploads/2015/12/LILLY-İLAÇ-150x150.jpg 150w\" sizes=\"100vw\" width=\"180\"></figure><figure class=\"image\"><img src=\"http://www.yicom.com.tr/wp-content/uploads/2015/12/SECO-TOOLS.jpg\" alt=\"\" srcset=\"http://www.yicom.com.tr/wp-content/uploads/2015/12/SECO-TOOLS.jpg 180w, http://www.yicom.com.tr/wp-content/uploads/2015/12/SECO-TOOLS-150x150.jpg 150w\" sizes=\"100vw\" width=\"180\"></figure><p>&nbsp;</p><p>&nbsp;</p><figure class=\"image\"><img src=\"http://www.yicom.com.tr/wp-content/uploads/2015/12/HEIDELBERG.jpg\" alt=\"\" srcset=\"http://www.yicom.com.tr/wp-content/uploads/2015/12/HEIDELBERG.jpg 180w, http://www.yicom.com.tr/wp-content/uploads/2015/12/HEIDELBERG-150x150.jpg 150w\" sizes=\"100vw\" width=\"180\"></figure><figure class=\"image\"><img src=\"http://www.yicom.com.tr/wp-content/uploads/2015/12/DO%C4%9EAN.jpg\" alt=\"\" srcset=\"http://www.yicom.com.tr/wp-content/uploads/2015/12/DOĞAN.jpg 180w, http://www.yicom.com.tr/wp-content/uploads/2015/12/DOĞAN-150x150.jpg 150w\" sizes=\"100vw\" width=\"180\"></figure><p>&nbsp;</p><figure class=\"image\"><img src=\"http://www.yicom.com.tr/wp-content/uploads/2015/12/YILDIZ-TEKN%C4%B0K-%C3%9CN%C4%B0VERS%C4%B0TES%C4%B0.jpg\" alt=\"\" srcset=\"http://www.yicom.com.tr/wp-content/uploads/2015/12/YILDIZ-TEKNİK-ÜNİVERSİTESİ.jpg 180w, http://www.yicom.com.tr/wp-content/uploads/2015/12/YILDIZ-TEKNİK-ÜNİVERSİTESİ-150x150.jpg 150w\" sizes=\"100vw\" width=\"180\"></figure><figure class=\"image\"><img src=\"http://www.yicom.com.tr/wp-content/uploads/2015/12/M%C4%B0MAR-S%C4%B0NAN-%C3%9CN%C4%B0VERS%C4%B0TES%C4%B0.jpg\" alt=\"\" srcset=\"http://www.yicom.com.tr/wp-content/uploads/2015/12/MİMAR-SİNAN-ÜNİVERSİTESİ.jpg 180w, http://www.yicom.com.tr/wp-content/uploads/2015/12/MİMAR-SİNAN-ÜNİVERSİTESİ-150x150.jpg 150w\" sizes=\"100vw\" width=\"180\"></figure><p>&nbsp;</p><figure class=\"image\"><img src=\"http://www.yicom.com.tr/wp-content/uploads/2015/12/%C4%B0T%C3%9C-%C4%B0STANBUL-TEKN%C4%B0K-%C3%9CN%C4%B0VERS%C4%B0TES%C4%B0.jpg\" alt=\"\" srcset=\"http://www.yicom.com.tr/wp-content/uploads/2015/12/İTÜ-İSTANBUL-TEKNİK-ÜNİVERSİTESİ.jpg 180w, http://www.yicom.com.tr/wp-content/uploads/2015/12/İTÜ-İSTANBUL-TEKNİK-ÜNİVERSİTESİ-150x150.jpg 150w\" sizes=\"100vw\" width=\"180\"></figure>',NULL);

#
# Structure for table "user"
#

DROP TABLE IF EXISTS `user`;
CREATE TABLE `user` (
  `id` int(11) NOT NULL AUTO_INCREMENT,
  `email` varchar(50) COLLATE utf8mb4_unicode_ci DEFAULT NULL,
  `roles` varchar(50) COLLATE utf8mb4_unicode_ci DEFAULT NULL,
  `password` varchar(255) COLLATE utf8mb4_unicode_ci NOT NULL,
  `name` varchar(20) COLLATE utf8mb4_unicode_ci DEFAULT NULL,
  `status` varchar(10) COLLATE utf8mb4_unicode_ci DEFAULT NULL,
  `guvenlik` varchar(255) COLLATE utf8mb4_unicode_ci DEFAULT NULL,
  PRIMARY KEY (`id`)
) ENGINE=InnoDB AUTO_INCREMENT=46 DEFAULT CHARSET=utf8mb4 COLLATE=utf8mb4_unicode_ci;

#
# Data for table "user"
#

INSERT INTO `user` VALUES (26,'ahmet@gmail.com','ROLE_ADMIN','$2y$10$j7nWqhioZ5I.72ZAvNx/qOsrSg.rwMrcviySdPO2rO28DHccNznJu','Ahmet','False',NULL),(27,'selin@gmail.com','ROLE_USER','$2y$10$NOkdO0nv8Xm5/jK//jY8re7QAX2Q1aYJUKS.xNg.qnjfnwLO7cU9O','Selin','True',NULL),(28,'mehmet@gmail.com','ROLE_ADMIN','$2y$10$Tvu3tRcPFPte4PgXWlXQNOrooyEmoB2PJbylANwgsFS1H1t/a2cU6','Mehmet','False',NULL),(31,'kerem@gmail.com','ROLE_USER','$2y$10$rNIfnky93.JqirC3CNysEez/vW6ZekKcQSjnNWWid9Dv9Efw1VzwW','Kerem','True',NULL),(32,'ayşe@gmail.com','ROLE_USER','$2y$10$gukIVJ5T/Bp28D24y/AQ5e/0e09Gm/pTAq2scxKESLwXbADAUaz3O','Ayşe','True',NULL),(34,'sevim@gmail.com','ROLE_ADMIN','$2y$10$d6GoNLsMDB2OBGgHtUjFzOoy/RVzPiDdUnbCz727ZTc6g3zqw1dMq','Sevim','False',NULL),(35,'serhat@gmail.com','ROLE_ADMIN','$2y$10$VVEwBUX7I5ZU0Dr8JrjiSerC1DJ3oTx961JzDTxs93vsk7.kcXUlO','Serhat','False',NULL),(36,'semih@gmail.com','ROLE_USER','$2y$10$uPpvdEFuNt251XCd/DntVeVHcLASxRRg1vTzoosKfoWA15y2JHzkm','Semih','True',NULL),(43,'denemeeee@gmail.com','ROLE_USER','$2y$10$PwsmL9p7kp6wxXs7fYGtwe3Qa3160LzEdDrdaNX67Mw7A1lN3z44y','denemeee','True',NULL),(44,'deneme10@gmail.com','ROLE_ADMIN','$2y$10$gxniGaB2Av/NKB1pzfSUJe6TReovYPXU6G1rfiJ8xSr/fB.UVNzLC','deneme10','False',NULL),(45,'deneme@gmail.com','ROLE_USER','$2y$10$XmazHic8ib5dt0oMpmf5U.vPyWBXWPBsvqjoxxYCL7ycsbVZ3CMkW','Deneme','True',NULL);
